date,total_holdings_tonnes
2000-01-31,33516.50185368838
2000-02-29,33459.87524994374
2000-03-31,33443.82571861536
2000-04-30,33418.830703941356
2000-05-31,33368.6326255243
2000-06-30,33267.29687511904
2000-07-31,33224.08286560868
2000-08-31,33358.14221574983
2000-09-30,33309.87291835011
2000-10-31,33304.58208581937
2000-11-30,33246.52035710087
2000-12-31,33212.733155432055
2001-01-31,33180.0804778592
2001-02-28,33145.349379212785
2001-03-31,33064.828952676835
2001-04-30,33045.13631505617
2001-05-31,33015.8603053554
2001-06-30,33026.54583230603
2001-07-31,32983.51641080047
2001-08-31,32953.95489866354
2001-09-30,32916.07123292302
2001-10-31,32899.98012272806
2001-11-30,32855.451099183454
2001-12-31,32933.557179737036
2002-01-31,32881.41469877307
2002-02-28,32846.31606254261
2002-03-31,32815.87469462673
2002-04-30,32751.108785184115
2002-05-31,32665.669563594114
2002-06-30,32636.190427141002
2002-07-31,32604.529186811942
2002-08-31,32578.830387432296
2002-09-30,32556.60767631009
2002-10-31,32535.693446935362
2002-11-30,32507.280416468464
2002-12-31,32563.97912931987
2003-01-31,32497.89748429253
2003-02-28,32429.35116944859
2003-03-31,32427.71854938989
2003-04-30,32366.077993616553
2003-05-31,32345.932955450346
2003-06-30,32293.317811285182
2003-07-31,32255.483598456423
2003-08-31,32200.884807333143
2003-09-30,32138.69886219068
2003-10-31,32129.644450829604
2003-11-30,32057.50199955993
2003-12-31,32006.244643023732
2004-01-31,31966.28395297333
2004-02-29,31944.893257781107
2004-03-31,31902.339840929813
2004-04-30,31882.790082600553
2004-05-31,31868.98019171618
2004-06-30,31881.920952872682
2004-07-31,31851.512732061787
2004-08-31,31809.30604587046
2004-09-30,31800.11474082508
2004-10-31,31733.059160290355
2004-11-30,31675.955241097065
2004-12-31,31487.43190202433
2005-01-31,31421.979069874007
2005-02-28,31336.17093400061
2005-03-31,31255.48995137356
2005-04-30,31211.909003423876
2005-05-31,31188.525138892575
2005-06-30,31110.69648636985
2005-07-31,31082.40045758288
2005-08-31,31057.054029057854
2005-09-30,31048.01049621938
2005-10-31,30982.149748507207
2005-11-30,30936.73374937492
2005-12-31,30884.188675910435
2006-01-31,30861.997887913283
2006-02-28,30833.67349710599
2006-03-31,30789.307061188356
2006-04-30,30763.282710559502
2006-05-31,30692.664662988584
2006-06-30,30690.22062508012
2006-07-31,30671.29635920666
2006-08-31,30641.802256438143
2006-09-30,30582.661198132504
2006-10-31,30572.800607289813
2006-11-30,30537.396227687408
2006-12-31,30519.135021285085
2007-01-31,30503.629426074083
2007-02-28,30482.789854721566
2007-03-31,30438.522887028026
2007-04-30,30374.09858288597
2007-05-31,30339.31525084967
2007-06-30,30282.741365961785
2007-07-31,30205.503232157924
2007-08-31,30173.37999270277
2007-09-30,30116.116320278586
2007-10-31,30077.429743758017
2007-11-30,30065.46627557613
2007-12-31,30014.642710520617
2008-01-31,29985.21195375351
2008-02-29,30139.84676364143
2008-03-31,30145.887534122787
2008-04-30,30106.70085104708
2008-05-31,30092.210431421674
2008-06-30,30103.969315369744
2008-07-31,30023.663603633588
2008-08-31,30020.902675369893
2008-09-30,30003.90731262433
2008-10-31,30013.29452639086
2008-11-30,30006.186719573827
2008-12-31,30002.549103025445
2009-01-31,30003.42251120669
2009-02-28,29980.018465869893
2009-03-31,29963.75115745144
2009-04-30,30389.04667185571
2009-05-31,30389.089393144484
2009-06-30,30395.131756932893
2009-07-31,30414.197367991615
2009-08-31,30422.558933084412
2009-09-30,30425.50968566636
2009-10-31,30448.277415825076
2009-11-30,30446.16051516916
2009-12-31,30527.009569147333
2010-01-31,30703.205456200256
2010-02-28,30790.356955409068
2010-03-31,30855.40326522139
2010-04-30,30845.320604839737
2010-05-31,30850.68155275432
2010-06-30,30860.01328046511
2010-07-31,30891.092135280138
2010-08-31,30890.407926265478
2010-09-30,30874.195344160133
2010-10-31,30860.995185302378
2010-11-30,30852.51382411513
2010-12-31,30847.96720562969
2011-01-31,30838.386736193424
2011-02-28,30883.902024676776
2011-03-31,30996.398855494608
2011-04-30,31000.37267751143
2011-05-31,31015.300978940573
2011-06-30,31023.764405640235
2011-07-31,31024.22649323828
2011-08-31,31028.0159729045
2011-09-30,31067.062273939802
2011-10-31,31116.819706810835
2011-11-30,31183.532281941043
2011-12-31,31214.040790324678
2012-01-31,31225.026005927375
2012-02-29,31225.34840318729
2012-03-31,31297.361354741337
2012-04-30,31337.82426386648
2012-05-31,31374.433272161004
2012-06-30,31377.75774990387
2012-07-31,31470.32673766489
2012-08-31,31501.641715205053
2012-09-30,31529.549431967578
2012-10-31,31583.234815916774
2012-11-30,31617.775436079282
2012-12-31,31689.192501275258
2013-01-31,31839.75610927634
2013-02-28,31886.770852258414
2013-03-31,31943.314087339957
2013-04-30,32003.801082749
2013-05-31,32052.01743132439
2013-06-30,32050.082566548353
2013-07-31,32036.505585628445
2013-08-31,32001.95854382716
2013-09-30,32031.644235159205
2013-10-31,32031.441734220596
2013-11-30,32009.56859954698
2013-12-31,32036.756047933693
2014-01-31,31993.349916912688
2014-02-28,31984.719141190184
2014-03-31,32048.598010592985
2014-04-30,32060.370589313516
2014-05-31,32031.30023040518
2014-06-30,32092.428393375918
2014-07-31,32183.069489450856
2014-08-31,32229.721702597955
2014-09-30,32332.692542662255
2014-10-31,32300.647816229142
2014-11-30,32221.630600162065
2014-12-31,32271.04655697672
2015-01-31,32236.1058582874
2015-02-28,32199.6403435117
2015-03-31,32152.457866949644
2015-04-30,32139.510779121854
2015-05-31,32149.810706377793
2015-06-30,32821.744429517275
2015-07-31,32887.33125227372
2015-08-31,32867.05263669223
2015-09-30,32900.393587309874
2015-10-31,32914.80268830848
2015-11-30,32993.650547284655
2015-12-31,33018.203736864845
2016-01-31,33049.69997432143
2016-02-29,33001.25637142417
2016-03-31,33021.03850119215
2016-04-30,33086.17911341484
2016-05-31,33094.002154948575
2016-06-30,33227.59365581858
2016-07-31,33284.825957709494
2016-08-31,33396.23324668144
2016-09-30,33478.554615639805
2016-10-31,33541.81417390383
2016-11-30,33557.99119020828
2016-12-31,33593.68678151106
2017-01-31,33626.630547899695
2017-02-28,33658.450482169224
2017-03-31,33712.79035935325
2017-04-30,33731.194914820255
2017-05-31,33769.00636202271
2017-06-30,33776.288099445665
2017-07-31,33761.231729905674
2017-08-31,33898.421645816146
2017-09-30,33926.36541416374
2017-10-31,34062.079409147475
2017-11-30,34123.63657180229
2017-12-31,34003.444471638206
2018-01-31,34148.1854886585
2018-02-28,34127.61253171334
2018-03-31,33976.15417448417
2018-04-30,34085.63068401348
2018-05-31,34099.151598131044
2018-06-30,34114.44563136736
2018-07-31,34239.7641329711
2018-08-31,34091.93544909504
2018-09-30,34024.21477484661
2018-10-31,34268.58939030697
2018-11-30,34277.30651918295
2018-12-31,34233.305877436076
2019-01-31,34270.6222363628
2019-02-28,34345.48326854282
2019-03-31,34265.49052442395
2019-04-30,34237.86776346357
2019-05-31,34270.86847410384
2019-06-30,34419.169557215784
2019-07-31,34412.0902837915
2019-08-31,34505.002799730704
2019-09-30,34520.23501326751
2019-10-31,34633.637757137876
2019-11-30,34736.98817118914
2019-12-31,34781.76888333176
2020-01-31,34807.50195336657
2020-02-29,34881.86606089576
2020-03-31,34898.188961073014
2020-04-30,34936.8961594684
2020-05-31,35051.8067927997
2020-06-30,35054.20535644678
2020-07-31,35122.35433603169
2020-08-31,35119.498395699724
2020-09-30,35200.390813752
2020-10-31,35220.553581753484
2020-11-30,35229.06345385117
2020-12-31,35305.28687134044
2021-01-31,35240.13470593536
2021-02-28,35257.87411829586
2021-03-31,35418.86972671998
2021-04-30,35461.29650219147
2021-05-31,35583.202029950335
2021-06-30,35570.91524240879
2021-07-31,35624.11920652211
2021-08-31,35606.63500511083
2021-09-30,35608.48759536574
2021-10-31,35596.83659385772
2021-11-30,35591.46884156517
2021-12-31,35533.133814640816
2022-01-31,35621.77018919523
2022-02-28,35605.334061250986
2022-03-31,35489.559061787295
2022-04-30,35479.12904841463
2022-05-31,35487.77732215588
2022-06-30,35480.57718072865
2022-07-31,35375.54243616523
2022-08-31,35414.591975316376
2022-09-30,35461.43255671695
2022-10-31,35421.00146406551
2022-11-30,35587.35010955376
2022-12-31,35508.24146842871
2023-01-31,35681.56185763128
2023-02-28,35780.047083895064
2023-03-31,35717.09573584861
2023-04-30,35699.32778027139
2023-05-31,35706.6425176683
2023-06-30,35704.647619205076
2023-07-31,35743.865006071996
2023-08-31,35842.86616022656
2023-09-30,35885.91004580346
2023-10-31,35890.86316444129
2023-11-30,35964.740471749246
2023-12-31,36003.22676486554
2024-01-31,36042.61182192215
2024-02-29,36033.43384438346
2024-03-31,36037.796341106376
2024-04-30,36076.196070939084
2024-05-31,36125.62380984654
2024-06-30,36130.86810828565
2024-07-31,36161.314941354874
2024-08-31,36171.745541051714
2024-09-30,36166.871792051126
2024-10-31,36201.92958117354
2024-11-30,36255.320578862564
2024-12-31,36254.29066565911
2025-01-31,36206.15897176283
2025-02-28,36234.88727529928
2025-03-31,36245.250976745236
2025-04-30,36256.342952216815
2025-05-31,36315.765745913464
2025-06-30,36341.57701148553
2025-07-31,36364.8785047669
2025-08-31,36381.79795335184
2025-09-30,36441.84699333763
2025-10-31,36488.53947089095
2025-11-30,36528.411331263174
2025-12-31,36572.2605403109
2026-01-31,36644.2943169608
2026-02-28,36704.94710145466
2026-03-31,36693.44824381386
2026-04-30,36711.014373640945
2026-05-31,36760.91755278492
2026-06-30,36829.572111000685
