STRUCTURE,STRUCTURE_ID,ACTION,FREQ,BORROWERS_CTY,TC_BORROWERS,TC_LENDERS,VALUATION,UNIT_TYPE,TC_ADJUST,TIME_PERIOD,OBS_VALUE,COLLECTION,UNIT_MULT,UNIT_MEASURE,TITLE_TS,DECIMALS,OBS_STATUS,OBS_PRE_BREAK,OBS_CONF
dataflow,BIS:WS_TC(2.0),I,,5A,P,A,M,USD,A,,,E,,,,3,,,
dataflow,BIS:WS_TC(2.0),I,Q,5A,P,A,M,USD,A,1999-Q1,37634.291,E,9,USD,All reporting countries (aggregate) - Credit to Private non-financial sector from All sectors at Market value - US dollar - Adjusted for breaks,,A,,F
dataflow,BIS:WS_TC(2.0),I,Q,5A,P,A,M,USD,A,1999-Q2,37648.594,E,9,USD,All reporting countries (aggregate) - Credit to Private non-financial sector from All sectors at Market value - US dollar - Adjusted for breaks,,A,,F
dataflow,BIS:WS_TC(2.0),I,Q,5A,P,A,M,USD,A,1999-Q3,39772.57,E,9,USD,All reporting countries (aggregate) - Credit to Private non-financial sector from All sectors at Market value - US dollar - Adjusted for breaks,,A,,F
dataflow,BIS:WS_TC(2.0),I,Q,5A,P,A,M,USD,A,1999-Q4,40509.852,E,9,USD,All reporting countries (aggregate) - Credit to Private non-financial sector from All sectors at Market value - US dollar - Adjusted for breaks,,A,,F
dataflow,BIS:WS_TC(2.0),I,Q,5A,P,A,M,USD,A,2000-Q1,40384.382,E,9,USD,All reporting countries (aggregate) - Credit to Private non-financial sector from All sectors at Market value - US dollar - Adjusted for breaks,,A,,F
dataflow,BIS:WS_TC(2.0),I,Q,5A,P,A,M,USD,A,2000-Q2,40540.803,E,9,USD,All reporting countries (aggregate) - Credit to Private non-financial sector from All sectors at Market value - US dollar - Adjusted for breaks,,A,,F
dataflow,BIS:WS_TC(2.0),I,Q,5A,P,A,M,USD,A,2000-Q3,40038.577,E,9,USD,All reporting countries (aggregate) - Credit to Private non-financial sector from All sectors at Market value - US dollar - Adjusted for breaks,,A,,F
dataflow,BIS:WS_TC(2.0),I,Q,5A,P,A,M,USD,A,2000-Q4,40658.138,E,9,USD,All reporting countries (aggregate) - Credit to Private non-financial sector from All sectors at Market value - US dollar - Adjusted for breaks,,A,,F
dataflow,BIS:WS_TC(2.0),I,Q,5A,P,A,M,USD,A,2001-Q1,39377.323,E,9,USD,All reporting countries (aggregate) - Credit to Private non-financial sector from All sectors at Market value - US dollar - Adjusted for breaks,,A,,F
dataflow,BIS:WS_TC(2.0),I,Q,5A,P,A,M,USD,A,2001-Q2,39626.334,E,9,USD,All reporting countries (aggregate) - Credit to Private non-financial sector from All sectors at Market value - US dollar - Adjusted for breaks,,A,,F
dataflow,BIS:WS_TC(2.0),I,Q,5A,P,A,M,USD,A,2001-Q3,41232.641,E,9,USD,All reporting countries (aggregate) - Credit to Private non-financial sector from All sectors at Market value - US dollar - Adjusted for breaks,,A,,F
dataflow,BIS:WS_TC(2.0),I,Q,5A,P,A,M,USD,A,2001-Q4,40765.55,E,9,USD,All reporting countries (aggregate) - Credit to Private non-financial sector from All sectors at Market value - US dollar - Adjusted for breaks,,A,,F
dataflow,BIS:WS_TC(2.0),I,Q,5A,P,A,M,USD,A,2002-Q1,41061.027,E,9,USD,All reporting countries (aggregate) - Credit to Private non-financial sector from All sectors at Market value - US dollar - Adjusted for breaks,,A,,F
dataflow,BIS:WS_TC(2.0),I,Q,5A,P,A,M,USD,A,2002-Q2,44237.977,E,9,USD,All reporting countries (aggregate) - Credit to Private non-financial sector from All sectors at Market value - US dollar - Adjusted for breaks,,A,,F
dataflow,BIS:WS_TC(2.0),I,Q,5A,P,A,M,USD,A,2002-Q3,44343.536,E,9,USD,All reporting countries (aggregate) - Credit to Private non-financial sector from All sectors at Market value - US dollar - Adjusted for breaks,,A,,F
dataflow,BIS:WS_TC(2.0),I,Q,5A,P,A,M,USD,A,2002-Q4,46192.522,E,9,USD,All reporting countries (aggregate) - Credit to Private non-financial sector from All sectors at Market value - US dollar - Adjusted for breaks,,A,,F
dataflow,BIS:WS_TC(2.0),I,Q,5A,P,A,M,USD,A,2003-Q1,47007.499,E,9,USD,All reporting countries (aggregate) - Credit to Private non-financial sector from All sectors at Market value - US dollar - Adjusted for breaks,,A,,F
dataflow,BIS:WS_TC(2.0),I,Q,5A,P,A,M,USD,A,2003-Q2,48751.596,E,9,USD,All reporting countries (aggregate) - Credit to Private non-financial sector from All sectors at Market value - US dollar - Adjusted for breaks,,A,,F
dataflow,BIS:WS_TC(2.0),I,Q,5A,P,A,M,USD,A,2003-Q3,50385.379,E,9,USD,All reporting countries (aggregate) - Credit to Private non-financial sector from All sectors at Market value - US dollar - Adjusted for breaks,,A,,F
dataflow,BIS:WS_TC(2.0),I,Q,5A,P,A,M,USD,A,2003-Q4,52937.465,E,9,USD,All reporting countries (aggregate) - Credit to Private non-financial sector from All sectors at Market value - US dollar - Adjusted for breaks,,A,,F
dataflow,BIS:WS_TC(2.0),I,Q,5A,P,A,M,USD,A,2004-Q1,53515.183,E,9,USD,All reporting countries (aggregate) - Credit to Private non-financial sector from All sectors at Market value - US dollar - Adjusted for breaks,,A,,F
dataflow,BIS:WS_TC(2.0),I,Q,5A,P,A,M,USD,A,2004-Q2,53581.493,E,9,USD,All reporting countries (aggregate) - Credit to Private non-financial sector from All sectors at Market value - US dollar - Adjusted for breaks,,A,,F
dataflow,BIS:WS_TC(2.0),I,Q,5A,P,A,M,USD,A,2004-Q3,54763.593,E,9,USD,All reporting countries (aggregate) - Credit to Private non-financial sector from All sectors at Market value - US dollar - Adjusted for breaks,,A,,F
dataflow,BIS:WS_TC(2.0),I,Q,5A,P,A,M,USD,A,2004-Q4,58911.623,E,9,USD,All reporting countries (aggregate) - Credit to Private non-financial sector from All sectors at Market value - US dollar - Adjusted for breaks,,A,,F
dataflow,BIS:WS_TC(2.0),I,Q,5A,P,A,M,USD,A,2005-Q1,58413.441,E,9,USD,All reporting countries (aggregate) - Credit to Private non-financial sector from All sectors at Market value - US dollar - Adjusted for breaks,,A,,F
dataflow,BIS:WS_TC(2.0),I,Q,5A,P,A,M,USD,A,2005-Q2,57987.331,E,9,USD,All reporting countries (aggregate) - Credit to Private non-financial sector from All sectors at Market value - US dollar - Adjusted for breaks,,A,,F
dataflow,BIS:WS_TC(2.0),I,Q,5A,P,A,M,USD,A,2005-Q3,59050.536,E,9,USD,All reporting countries (aggregate) - Credit to Private non-financial sector from All sectors at Market value - US dollar - Adjusted for breaks,,A,,F
dataflow,BIS:WS_TC(2.0),I,Q,5A,P,A,M,USD,A,2005-Q4,59583.547,E,9,USD,All reporting countries (aggregate) - Credit to Private non-financial sector from All sectors at Market value - US dollar - Adjusted for breaks,,A,,F
dataflow,BIS:WS_TC(2.0),I,Q,5A,P,A,M,USD,A,2006-Q1,61675.594,E,9,USD,All reporting countries (aggregate) - Credit to Private non-financial sector from All sectors at Market value - US dollar - Adjusted for breaks,,A,,F
dataflow,BIS:WS_TC(2.0),I,Q,5A,P,A,M,USD,A,2006-Q2,64732.669,E,9,USD,All reporting countries (aggregate) - Credit to Private non-financial sector from All sectors at Market value - US dollar - Adjusted for breaks,,A,,F
dataflow,BIS:WS_TC(2.0),I,Q,5A,P,A,M,USD,A,2006-Q3,65833.207,E,9,USD,All reporting countries (aggregate) - Credit to Private non-financial sector from All sectors at Market value - US dollar - Adjusted for breaks,,A,,F
dataflow,BIS:WS_TC(2.0),I,Q,5A,P,A,M,USD,A,2006-Q4,68478.14,E,9,USD,All reporting countries (aggregate) - Credit to Private non-financial sector from All sectors at Market value - US dollar - Adjusted for breaks,,A,,F
dataflow,BIS:WS_TC(2.0),I,Q,5A,P,A,M,USD,A,2007-Q1,70335.496,E,9,USD,All reporting countries (aggregate) - Credit to Private non-financial sector from All sectors at Market value - US dollar - Adjusted for breaks,,A,,F
dataflow,BIS:WS_TC(2.0),I,Q,5A,P,A,M,USD,A,2007-Q2,72785.802,E,9,USD,All reporting countries (aggregate) - Credit to Private non-financial sector from All sectors at Market value - US dollar - Adjusted for breaks,,A,,F
dataflow,BIS:WS_TC(2.0),I,Q,5A,P,A,M,USD,A,2007-Q3,76659.581,E,9,USD,All reporting countries (aggregate) - Credit to Private non-financial sector from All sectors at Market value - US dollar - Adjusted for breaks,,A,,F
dataflow,BIS:WS_TC(2.0),I,Q,5A,P,A,M,USD,A,2007-Q4,79990.053,E,9,USD,All reporting countries (aggregate) - Credit to Private non-financial sector from All sectors at Market value - US dollar - Adjusted for breaks,,A,,F
dataflow,BIS:WS_TC(2.0),I,Q,5A,P,A,M,USD,A,2008-Q1,84658.689,E,9,USD,All reporting countries (aggregate) - Credit to Private non-financial sector from All sectors at Market value - US dollar - Adjusted for breaks,,A,,F
dataflow,BIS:WS_TC(2.0),I,Q,5A,P,A,M,USD,A,2008-Q2,85875.508,E,9,USD,All reporting countries (aggregate) - Credit to Private non-financial sector from All sectors at Market value - US dollar - Adjusted for breaks,,A,,F
dataflow,BIS:WS_TC(2.0),I,Q,5A,P,A,M,USD,A,2008-Q3,82965.655,E,9,USD,All reporting countries (aggregate) - Credit to Private non-financial sector from All sectors at Market value - US dollar - Adjusted for breaks,,A,,F
dataflow,BIS:WS_TC(2.0),I,Q,5A,P,A,M,USD,A,2008-Q4,81546.715,E,9,USD,All reporting countries (aggregate) - Credit to Private non-financial sector from All sectors at Market value - US dollar - Adjusted for breaks,,A,,F
dataflow,BIS:WS_TC(2.0),I,Q,5A,P,A,M,USD,A,2009-Q1,79829.799,E,9,USD,All reporting countries (aggregate) - Credit to Private non-financial sector from All sectors at Market value - US dollar - Adjusted for breaks,,A,,F
dataflow,BIS:WS_TC(2.0),I,Q,5A,P,A,M,USD,A,2009-Q2,83760.877,E,9,USD,All reporting countries (aggregate) - Credit to Private non-financial sector from All sectors at Market value - US dollar - Adjusted for breaks,,A,,F
dataflow,BIS:WS_TC(2.0),I,Q,5A,P,A,M,USD,A,2009-Q3,86390.673,E,9,USD,All reporting countries (aggregate) - Credit to Private non-financial sector from All sectors at Market value - US dollar - Adjusted for breaks,,A,,F
dataflow,BIS:WS_TC(2.0),I,Q,5A,P,A,M,USD,A,2009-Q4,86706.94,E,9,USD,All reporting countries (aggregate) - Credit to Private non-financial sector from All sectors at Market value - US dollar - Adjusted for breaks,,A,,F
dataflow,BIS:WS_TC(2.0),I,Q,5A,P,A,M,USD,A,2010-Q1,85585.105,E,9,USD,All reporting countries (aggregate) - Credit to Private non-financial sector from All sectors at Market value - US dollar - Adjusted for breaks,,A,,F
dataflow,BIS:WS_TC(2.0),I,Q,5A,P,A,M,USD,A,2010-Q2,84108.855,E,9,USD,All reporting countries (aggregate) - Credit to Private non-financial sector from All sectors at Market value - US dollar - Adjusted for breaks,,A,,F
dataflow,BIS:WS_TC(2.0),I,Q,5A,P,A,M,USD,A,2010-Q3,89380.673,E,9,USD,All reporting countries (aggregate) - Credit to Private non-financial sector from All sectors at Market value - US dollar - Adjusted for breaks,,A,,F
dataflow,BIS:WS_TC(2.0),I,Q,5A,P,A,M,USD,A,2010-Q4,90274.31,E,9,USD,All reporting countries (aggregate) - Credit to Private non-financial sector from All sectors at Market value - US dollar - Adjusted for breaks,,A,,F
dataflow,BIS:WS_TC(2.0),I,Q,5A,P,A,M,USD,A,2011-Q1,93163.078,E,9,USD,All reporting countries (aggregate) - Credit to Private non-financial sector from All sectors at Market value - US dollar - Adjusted for breaks,,A,,F
dataflow,BIS:WS_TC(2.0),I,Q,5A,P,A,M,USD,A,2011-Q2,95527.012,E,9,USD,All reporting countries (aggregate) - Credit to Private non-financial sector from All sectors at Market value - US dollar - Adjusted for breaks,,A,,F
dataflow,BIS:WS_TC(2.0),I,Q,5A,P,A,M,USD,A,2011-Q3,93634.911,E,9,USD,All reporting countries (aggregate) - Credit to Private non-financial sector from All sectors at Market value - US dollar - Adjusted for breaks,,A,,F
dataflow,BIS:WS_TC(2.0),I,Q,5A,P,A,M,USD,A,2011-Q4,93843.723,E,9,USD,All reporting countries (aggregate) - Credit to Private non-financial sector from All sectors at Market value - US dollar - Adjusted for breaks,,A,,F
dataflow,BIS:WS_TC(2.0),I,Q,5A,P,A,M,USD,A,2012-Q1,96228.591,E,9,USD,All reporting countries (aggregate) - Credit to Private non-financial sector from All sectors at Market value - US dollar - Adjusted for breaks,,A,,F
dataflow,BIS:WS_TC(2.0),I,Q,5A,P,A,M,USD,A,2012-Q2,95107.458,E,9,USD,All reporting countries (aggregate) - Credit to Private non-financial sector from All sectors at Market value - US dollar - Adjusted for breaks,,A,,F
dataflow,BIS:WS_TC(2.0),I,Q,5A,P,A,M,USD,A,2012-Q3,98346.689,E,9,USD,All reporting countries (aggregate) - Credit to Private non-financial sector from All sectors at Market value - US dollar - Adjusted for breaks,,A,,F
dataflow,BIS:WS_TC(2.0),I,Q,5A,P,A,M,USD,A,2012-Q4,99079.708,E,9,USD,All reporting countries (aggregate) - Credit to Private non-financial sector from All sectors at Market value - US dollar - Adjusted for breaks,,A,,F
dataflow,BIS:WS_TC(2.0),I,Q,5A,P,A,M,USD,A,2013-Q1,98254.753,E,9,USD,All reporting countries (aggregate) - Credit to Private non-financial sector from All sectors at Market value - US dollar - Adjusted for breaks,,A,,F
dataflow,BIS:WS_TC(2.0),I,Q,5A,P,A,M,USD,A,2013-Q2,98981.786,E,9,USD,All reporting countries (aggregate) - Credit to Private non-financial sector from All sectors at Market value - US dollar - Adjusted for breaks,,A,,F
dataflow,BIS:WS_TC(2.0),I,Q,5A,P,A,M,USD,A,2013-Q3,101708.194,E,9,USD,All reporting countries (aggregate) - Credit to Private non-financial sector from All sectors at Market value - US dollar - Adjusted for breaks,,A,,F
dataflow,BIS:WS_TC(2.0),I,Q,5A,P,A,M,USD,A,2013-Q4,102825.91,E,9,USD,All reporting countries (aggregate) - Credit to Private non-financial sector from All sectors at Market value - US dollar - Adjusted for breaks,,A,,F
dataflow,BIS:WS_TC(2.0),I,Q,5A,P,A,M,USD,A,2014-Q1,104015.582,E,9,USD,All reporting countries (aggregate) - Credit to Private non-financial sector from All sectors at Market value - US dollar - Adjusted for breaks,,A,,F
dataflow,BIS:WS_TC(2.0),I,Q,5A,P,A,M,USD,A,2014-Q2,105965.962,E,9,USD,All reporting countries (aggregate) - Credit to Private non-financial sector from All sectors at Market value - US dollar - Adjusted for breaks,,A,,F
dataflow,BIS:WS_TC(2.0),I,Q,5A,P,A,M,USD,A,2014-Q3,103188.874,E,9,USD,All reporting countries (aggregate) - Credit to Private non-financial sector from All sectors at Market value - US dollar - Adjusted for breaks,,A,,F
dataflow,BIS:WS_TC(2.0),I,Q,5A,P,A,M,USD,A,2014-Q4,101621.348,E,9,USD,All reporting countries (aggregate) - Credit to Private non-financial sector from All sectors at Market value - US dollar - Adjusted for breaks,,A,,F
dataflow,BIS:WS_TC(2.0),I,Q,5A,P,A,M,USD,A,2015-Q1,99834.876,E,9,USD,All reporting countries (aggregate) - Credit to Private non-financial sector from All sectors at Market value - US dollar - Adjusted for breaks,,A,,F
dataflow,BIS:WS_TC(2.0),I,Q,5A,P,A,M,USD,A,2015-Q2,102367.586,E,9,USD,All reporting countries (aggregate) - Credit to Private non-financial sector from All sectors at Market value - US dollar - Adjusted for breaks,,A,,F
dataflow,BIS:WS_TC(2.0),I,Q,5A,P,A,M,USD,A,2015-Q3,101772.769,E,9,USD,All reporting countries (aggregate) - Credit to Private non-financial sector from All sectors at Market value - US dollar - Adjusted for breaks,,A,,F
dataflow,BIS:WS_TC(2.0),I,Q,5A,P,A,M,USD,A,2015-Q4,101984.509,E,9,USD,All reporting countries (aggregate) - Credit to Private non-financial sector from All sectors at Market value - US dollar - Adjusted for breaks,,A,,F
dataflow,BIS:WS_TC(2.0),I,Q,5A,P,A,M,USD,A,2016-Q1,105844.605,E,9,USD,All reporting countries (aggregate) - Credit to Private non-financial sector from All sectors at Market value - US dollar - Adjusted for breaks,,A,,F
dataflow,BIS:WS_TC(2.0),I,Q,5A,P,A,M,USD,A,2016-Q2,106234.012,E,9,USD,All reporting countries (aggregate) - Credit to Private non-financial sector from All sectors at Market value - US dollar - Adjusted for breaks,,A,,F
dataflow,BIS:WS_TC(2.0),I,Q,5A,P,A,M,USD,A,2016-Q3,107544.766,E,9,USD,All reporting countries (aggregate) - Credit to Private non-financial sector from All sectors at Market value - US dollar - Adjusted for breaks,,A,,F
dataflow,BIS:WS_TC(2.0),I,Q,5A,P,A,M,USD,A,2016-Q4,104418.412,E,9,USD,All reporting countries (aggregate) - Credit to Private non-financial sector from All sectors at Market value - US dollar - Adjusted for breaks,,A,,F
dataflow,BIS:WS_TC(2.0),I,Q,5A,P,A,M,USD,A,2017-Q1,107737.078,E,9,USD,All reporting countries (aggregate) - Credit to Private non-financial sector from All sectors at Market value - US dollar - Adjusted for breaks,,A,,F
dataflow,BIS:WS_TC(2.0),I,Q,5A,P,A,M,USD,A,2017-Q2,111214.168,E,9,USD,All reporting countries (aggregate) - Credit to Private non-financial sector from All sectors at Market value - US dollar - Adjusted for breaks,,A,,F
dataflow,BIS:WS_TC(2.0),I,Q,5A,P,A,M,USD,A,2017-Q3,114185.224,E,9,USD,All reporting countries (aggregate) - Credit to Private non-financial sector from All sectors at Market value - US dollar - Adjusted for breaks,,A,,F
dataflow,BIS:WS_TC(2.0),I,Q,5A,P,A,M,USD,A,2017-Q4,117047.261,E,9,USD,All reporting countries (aggregate) - Credit to Private non-financial sector from All sectors at Market value - US dollar - Adjusted for breaks,,A,,F
dataflow,BIS:WS_TC(2.0),I,Q,5A,P,A,M,USD,A,2018-Q1,120552.241,E,9,USD,All reporting countries (aggregate) - Credit to Private non-financial sector from All sectors at Market value - US dollar - Adjusted for breaks,,A,,F
dataflow,BIS:WS_TC(2.0),I,Q,5A,P,A,M,USD,A,2018-Q2,117670.248,E,9,USD,All reporting countries (aggregate) - Credit to Private non-financial sector from All sectors at Market value - US dollar - Adjusted for breaks,,A,,F
dataflow,BIS:WS_TC(2.0),I,Q,5A,P,A,M,USD,A,2018-Q3,117149.402,E,9,USD,All reporting countries (aggregate) - Credit to Private non-financial sector from All sectors at Market value - US dollar - Adjusted for breaks,,A,,F
dataflow,BIS:WS_TC(2.0),I,Q,5A,P,A,M,USD,A,2018-Q4,117973.446,E,9,USD,All reporting countries (aggregate) - Credit to Private non-financial sector from All sectors at Market value - US dollar - Adjusted for breaks,,A,,F
dataflow,BIS:WS_TC(2.0),I,Q,5A,P,A,M,USD,A,2019-Q1,119991.995,E,9,USD,All reporting countries (aggregate) - Credit to Private non-financial sector from All sectors at Market value - US dollar - Adjusted for breaks,,A,,F
dataflow,BIS:WS_TC(2.0),I,Q,5A,P,A,M,USD,A,2019-Q2,121539.315,E,9,USD,All reporting countries (aggregate) - Credit to Private non-financial sector from All sectors at Market value - US dollar - Adjusted for breaks,,A,,F
dataflow,BIS:WS_TC(2.0),I,Q,5A,P,A,M,USD,A,2019-Q3,120168.108,E,9,USD,All reporting countries (aggregate) - Credit to Private non-financial sector from All sectors at Market value - US dollar - Adjusted for breaks,,A,,F
dataflow,BIS:WS_TC(2.0),I,Q,5A,P,A,M,USD,A,2019-Q4,123774.401,E,9,USD,All reporting countries (aggregate) - Credit to Private non-financial sector from All sectors at Market value - US dollar - Adjusted for breaks,,A,,F
dataflow,BIS:WS_TC(2.0),I,Q,5A,P,A,M,USD,A,2020-Q1,122794.635,E,9,USD,All reporting countries (aggregate) - Credit to Private non-financial sector from All sectors at Market value - US dollar - Adjusted for breaks,,A,,F
dataflow,BIS:WS_TC(2.0),I,Q,5A,P,A,M,USD,A,2020-Q2,127170.046,E,9,USD,All reporting countries (aggregate) - Credit to Private non-financial sector from All sectors at Market value - US dollar - Adjusted for breaks,,A,,F
dataflow,BIS:WS_TC(2.0),I,Q,5A,P,A,M,USD,A,2020-Q3,131479.531,E,9,USD,All reporting countries (aggregate) - Credit to Private non-financial sector from All sectors at Market value - US dollar - Adjusted for breaks,,A,,F
dataflow,BIS:WS_TC(2.0),I,Q,5A,P,A,M,USD,A,2020-Q4,137298.592,E,9,USD,All reporting countries (aggregate) - Credit to Private non-financial sector from All sectors at Market value - US dollar - Adjusted for breaks,,A,,F
dataflow,BIS:WS_TC(2.0),I,Q,5A,P,A,M,USD,A,2021-Q1,136988.472,E,9,USD,All reporting countries (aggregate) - Credit to Private non-financial sector from All sectors at Market value - US dollar - Adjusted for breaks,,A,,F
dataflow,BIS:WS_TC(2.0),I,Q,5A,P,A,M,USD,A,2021-Q2,140802.256,E,9,USD,All reporting countries (aggregate) - Credit to Private non-financial sector from All sectors at Market value - US dollar - Adjusted for breaks,,A,,F
dataflow,BIS:WS_TC(2.0),I,Q,5A,P,A,M,USD,A,2021-Q3,140879.167,E,9,USD,All reporting countries (aggregate) - Credit to Private non-financial sector from All sectors at Market value - US dollar - Adjusted for breaks,,A,,F
dataflow,BIS:WS_TC(2.0),I,Q,5A,P,A,M,USD,A,2021-Q4,142597.428,E,9,USD,All reporting countries (aggregate) - Credit to Private non-financial sector from All sectors at Market value - US dollar - Adjusted for breaks,,A,,F
dataflow,BIS:WS_TC(2.0),I,Q,5A,P,A,M,USD,A,2022-Q1,144348.784,E,9,USD,All reporting countries (aggregate) - Credit to Private non-financial sector from All sectors at Market value - US dollar - Adjusted for breaks,,A,,F
dataflow,BIS:WS_TC(2.0),I,Q,5A,P,A,M,USD,A,2022-Q2,141011.892,E,9,USD,All reporting countries (aggregate) - Credit to Private non-financial sector from All sectors at Market value - US dollar - Adjusted for breaks,,A,,F
dataflow,BIS:WS_TC(2.0),I,Q,5A,P,A,M,USD,A,2022-Q3,137015.663,E,9,USD,All reporting countries (aggregate) - Credit to Private non-financial sector from All sectors at Market value - US dollar - Adjusted for breaks,,A,,F
dataflow,BIS:WS_TC(2.0),I,Q,5A,P,A,M,USD,A,2022-Q4,143389.321,E,9,USD,All reporting countries (aggregate) - Credit to Private non-financial sector from All sectors at Market value - US dollar - Adjusted for breaks,,A,,F
dataflow,BIS:WS_TC(2.0),I,Q,5A,P,A,M,USD,A,2023-Q1,146019.859,E,9,USD,All reporting countries (aggregate) - Credit to Private non-financial sector from All sectors at Market value - US dollar - Adjusted for breaks,,A,,F
dataflow,BIS:WS_TC(2.0),I,Q,5A,P,A,M,USD,A,2023-Q2,144453.046,E,9,USD,All reporting countries (aggregate) - Credit to Private non-financial sector from All sectors at Market value - US dollar - Adjusted for breaks,,A,,F
dataflow,BIS:WS_TC(2.0),I,Q,5A,P,A,M,USD,A,2023-Q3,143979.758,E,9,USD,All reporting countries (aggregate) - Credit to Private non-financial sector from All sectors at Market value - US dollar - Adjusted for breaks,,A,,F
dataflow,BIS:WS_TC(2.0),I,Q,5A,P,A,M,USD,A,2023-Q4,148759.587,E,9,USD,All reporting countries (aggregate) - Credit to Private non-financial sector from All sectors at Market value - US dollar - Adjusted for breaks,,A,,F
dataflow,BIS:WS_TC(2.0),I,Q,5A,P,A,M,USD,A,2024-Q1,148172.054,E,9,USD,All reporting countries (aggregate) - Credit to Private non-financial sector from All sectors at Market value - US dollar - Adjusted for breaks,,A,,F
dataflow,BIS:WS_TC(2.0),I,Q,5A,P,A,M,USD,A,2024-Q2,148685.035,E,9,USD,All reporting countries (aggregate) - Credit to Private non-financial sector from All sectors at Market value - US dollar - Adjusted for breaks,,A,,F
dataflow,BIS:WS_TC(2.0),I,Q,5A,P,A,M,USD,A,2024-Q3,154595.917,E,9,USD,All reporting countries (aggregate) - Credit to Private non-financial sector from All sectors at Market value - US dollar - Adjusted for breaks,,A,,F
dataflow,BIS:WS_TC(2.0),I,Q,5A,P,A,M,USD,A,2024-Q4,148820.859,E,9,USD,All reporting countries (aggregate) - Credit to Private non-financial sector from All sectors at Market value - US dollar - Adjusted for breaks,,A,,F
dataflow,BIS:WS_TC(2.0),I,Q,5A,P,A,M,USD,A,2025-Q1,153344.53,E,9,USD,All reporting countries (aggregate) - Credit to Private non-financial sector from All sectors at Market value - US dollar - Adjusted for breaks,,A,,F
dataflow,BIS:WS_TC(2.0),I,Q,5A,P,A,M,USD,A,2025-Q2,159706.491,E,9,USD,All reporting countries (aggregate) - Credit to Private non-financial sector from All sectors at Market value - US dollar - Adjusted for breaks,,A,,F
dataflow,BIS:WS_TC(2.0),I,Q,5A,P,A,M,USD,A,2025-Q3,161067.511,E,9,USD,All reporting countries (aggregate) - Credit to Private non-financial sector from All sectors at Market value - US dollar - Adjusted for breaks,,A,,F
dataflow,BIS:WS_TC(2.0),I,Q,5A,P,A,M,USD,A,2025-Q4,163434.02,E,9,USD,All reporting countries (aggregate) - Credit to Private non-financial sector from All sectors at Market value - US dollar - Adjusted for breaks,,A,,F
