observation_date,region,holdings_tonnes,aum_usd_bn,unit,source_citation,source_file,publication_date,download_date,ingestion_timestamp,parser_version,revision_metadata,validation_status,availability_status
2003-03-31,GLOBAL,8.23,,metric_tonnes,World Gold Council,ETF_Flows_2026-08-04_1202.xlsx,2026-08-04,2026-08-30,2026-08-30T10:07:09Z,1.0.0,"{'is_revision': False, 'prior_value': None, 'revision_reason': None}",PASS,AVAILABLE
2003-04-30,GLOBAL,10.01,,metric_tonnes,World Gold Council,ETF_Flows_2026-08-04_1202.xlsx,2026-08-04,2026-08-30,2026-08-30T10:07:09Z,1.0.0,"{'is_revision': False, 'prior_value': None, 'revision_reason': None}",FLAG,AVAILABLE
2003-05-30,GLOBAL,11.69,,metric_tonnes,World Gold Council,ETF_Flows_2026-08-04_1202.xlsx,2026-08-04,2026-08-30,2026-08-30T10:07:09Z,1.0.0,"{'is_revision': False, 'prior_value': None, 'revision_reason': None}",FLAG,AVAILABLE
2003-06-30,GLOBAL,12.21,,metric_tonnes,World Gold Council,ETF_Flows_2026-08-04_1202.xlsx,2026-08-04,2026-08-30,2026-08-30T10:07:09Z,1.0.0,"{'is_revision': False, 'prior_value': None, 'revision_reason': None}",PASS,AVAILABLE
2003-07-31,GLOBAL,12.83,,metric_tonnes,World Gold Council,ETF_Flows_2026-08-04_1202.xlsx,2026-08-04,2026-08-30,2026-08-30T10:07:09Z,1.0.0,"{'is_revision': False, 'prior_value': None, 'revision_reason': None}",FLAG,AVAILABLE
2003-08-29,GLOBAL,13.35,,metric_tonnes,World Gold Council,ETF_Flows_2026-08-04_1202.xlsx,2026-08-04,2026-08-30,2026-08-30T10:07:09Z,1.0.0,"{'is_revision': False, 'prior_value': None, 'revision_reason': None}",PASS,AVAILABLE
2003-09-30,GLOBAL,15.43,,metric_tonnes,World Gold Council,ETF_Flows_2026-08-04_1202.xlsx,2026-08-04,2026-08-30,2026-08-30T10:07:09Z,1.0.0,"{'is_revision': False, 'prior_value': None, 'revision_reason': None}",FLAG,AVAILABLE
2003-10-31,GLOBAL,16.59,,metric_tonnes,World Gold Council,ETF_Flows_2026-08-04_1202.xlsx,2026-08-04,2026-08-30,2026-08-30T10:07:09Z,1.0.0,"{'is_revision': False, 'prior_value': None, 'revision_reason': None}",FLAG,AVAILABLE
2003-11-28,GLOBAL,17.36,,metric_tonnes,World Gold Council,ETF_Flows_2026-08-04_1202.xlsx,2026-08-04,2026-08-30,2026-08-30T10:07:09Z,1.0.0,"{'is_revision': False, 'prior_value': None, 'revision_reason': None}",PASS,AVAILABLE
2003-12-31,GLOBAL,42.45,,metric_tonnes,World Gold Council,ETF_Flows_2026-08-04_1202.xlsx,2026-08-04,2026-08-30,2026-08-30T10:07:09Z,1.0.0,"{'is_revision': False, 'prior_value': None, 'revision_reason': None}",FLAG,AVAILABLE
2004-01-30,GLOBAL,43.2,,metric_tonnes,World Gold Council,ETF_Flows_2026-08-04_1202.xlsx,2026-08-04,2026-08-30,2026-08-30T10:07:09Z,1.0.0,"{'is_revision': False, 'prior_value': None, 'revision_reason': None}",PASS,AVAILABLE
2004-02-27,GLOBAL,45.3,,metric_tonnes,World Gold Council,ETF_Flows_2026-08-04_1202.xlsx,2026-08-04,2026-08-30,2026-08-30T10:07:09Z,1.0.0,"{'is_revision': False, 'prior_value': None, 'revision_reason': None}",PASS,AVAILABLE
2004-03-31,GLOBAL,59.18,,metric_tonnes,World Gold Council,ETF_Flows_2026-08-04_1202.xlsx,2026-08-04,2026-08-30,2026-08-30T10:07:09Z,1.0.0,"{'is_revision': False, 'prior_value': None, 'revision_reason': None}",FLAG,AVAILABLE
2004-04-30,GLOBAL,81.54,,metric_tonnes,World Gold Council,ETF_Flows_2026-08-04_1202.xlsx,2026-08-04,2026-08-30,2026-08-30T10:07:09Z,1.0.0,"{'is_revision': False, 'prior_value': None, 'revision_reason': None}",FLAG,AVAILABLE
2004-05-31,GLOBAL,63.48,,metric_tonnes,World Gold Council,ETF_Flows_2026-08-04_1202.xlsx,2026-08-04,2026-08-30,2026-08-30T10:07:09Z,1.0.0,"{'is_revision': False, 'prior_value': None, 'revision_reason': None}",FLAG,AVAILABLE
2004-06-30,GLOBAL,59.99,,metric_tonnes,World Gold Council,ETF_Flows_2026-08-04_1202.xlsx,2026-08-04,2026-08-30,2026-08-30T10:07:09Z,1.0.0,"{'is_revision': False, 'prior_value': None, 'revision_reason': None}",FLAG,AVAILABLE
2004-07-30,GLOBAL,59.65,,metric_tonnes,World Gold Council,ETF_Flows_2026-08-04_1202.xlsx,2026-08-04,2026-08-30,2026-08-30T10:07:09Z,1.0.0,"{'is_revision': False, 'prior_value': None, 'revision_reason': None}",PASS,AVAILABLE
2004-08-31,GLOBAL,57.57,,metric_tonnes,World Gold Council,ETF_Flows_2026-08-04_1202.xlsx,2026-08-04,2026-08-30,2026-08-30T10:07:09Z,1.0.0,"{'is_revision': False, 'prior_value': None, 'revision_reason': None}",PASS,AVAILABLE
2004-09-30,GLOBAL,58.19,,metric_tonnes,World Gold Council,ETF_Flows_2026-08-04_1202.xlsx,2026-08-04,2026-08-30,2026-08-30T10:07:09Z,1.0.0,"{'is_revision': False, 'prior_value': None, 'revision_reason': None}",PASS,AVAILABLE
2004-10-29,GLOBAL,68.8,,metric_tonnes,World Gold Council,ETF_Flows_2026-08-04_1202.xlsx,2026-08-04,2026-08-30,2026-08-30T10:07:09Z,1.0.0,"{'is_revision': False, 'prior_value': None, 'revision_reason': None}",FLAG,AVAILABLE
2004-11-30,GLOBAL,171.56,,metric_tonnes,World Gold Council,ETF_Flows_2026-08-04_1202.xlsx,2026-08-04,2026-08-30,2026-08-30T10:07:09Z,1.0.0,"{'is_revision': False, 'prior_value': None, 'revision_reason': None}",FLAG,AVAILABLE
2004-12-31,GLOBAL,167.91,,metric_tonnes,World Gold Council,ETF_Flows_2026-08-04_1202.xlsx,2026-08-04,2026-08-30,2026-08-30T10:07:09Z,1.0.0,"{'is_revision': False, 'prior_value': None, 'revision_reason': None}",PASS,AVAILABLE
2005-01-31,GLOBAL,224.03,,metric_tonnes,World Gold Council,ETF_Flows_2026-08-04_1202.xlsx,2026-08-04,2026-08-30,2026-08-30T10:07:09Z,1.0.0,"{'is_revision': False, 'prior_value': None, 'revision_reason': None}",FLAG,AVAILABLE
2005-02-28,GLOBAL,271.36,,metric_tonnes,World Gold Council,ETF_Flows_2026-08-04_1202.xlsx,2026-08-04,2026-08-30,2026-08-30T10:07:09Z,1.0.0,"{'is_revision': False, 'prior_value': None, 'revision_reason': None}",FLAG,AVAILABLE
2005-03-31,GLOBAL,256.41,,metric_tonnes,World Gold Council,ETF_Flows_2026-08-04_1202.xlsx,2026-08-04,2026-08-30,2026-08-30T10:07:09Z,1.0.0,"{'is_revision': False, 'prior_value': None, 'revision_reason': None}",FLAG,AVAILABLE
2005-04-29,GLOBAL,260.29,,metric_tonnes,World Gold Council,ETF_Flows_2026-08-04_1202.xlsx,2026-08-04,2026-08-30,2026-08-30T10:07:09Z,1.0.0,"{'is_revision': False, 'prior_value': None, 'revision_reason': None}",PASS,AVAILABLE
2005-05-31,GLOBAL,259.06,,metric_tonnes,World Gold Council,ETF_Flows_2026-08-04_1202.xlsx,2026-08-04,2026-08-30,2026-08-30T10:07:09Z,1.0.0,"{'is_revision': False, 'prior_value': None, 'revision_reason': None}",PASS,AVAILABLE
2005-06-30,GLOBAL,264.91,,metric_tonnes,World Gold Council,ETF_Flows_2026-08-04_1202.xlsx,2026-08-04,2026-08-30,2026-08-30T10:07:09Z,1.0.0,"{'is_revision': False, 'prior_value': None, 'revision_reason': None}",PASS,AVAILABLE
2005-07-29,GLOBAL,279.65,,metric_tonnes,World Gold Council,ETF_Flows_2026-08-04_1202.xlsx,2026-08-04,2026-08-30,2026-08-30T10:07:09Z,1.0.0,"{'is_revision': False, 'prior_value': None, 'revision_reason': None}",FLAG,AVAILABLE
2005-08-31,GLOBAL,286.65,,metric_tonnes,World Gold Council,ETF_Flows_2026-08-04_1202.xlsx,2026-08-04,2026-08-30,2026-08-30T10:07:09Z,1.0.0,"{'is_revision': False, 'prior_value': None, 'revision_reason': None}",PASS,AVAILABLE
2005-09-30,GLOBAL,301.97,,metric_tonnes,World Gold Council,ETF_Flows_2026-08-04_1202.xlsx,2026-08-04,2026-08-30,2026-08-30T10:07:09Z,1.0.0,"{'is_revision': False, 'prior_value': None, 'revision_reason': None}",FLAG,AVAILABLE
2005-10-31,GLOBAL,311.65,,metric_tonnes,World Gold Council,ETF_Flows_2026-08-04_1202.xlsx,2026-08-04,2026-08-30,2026-08-30T10:07:09Z,1.0.0,"{'is_revision': False, 'prior_value': None, 'revision_reason': None}",PASS,AVAILABLE
2005-11-30,GLOBAL,337.79,,metric_tonnes,World Gold Council,ETF_Flows_2026-08-04_1202.xlsx,2026-08-04,2026-08-30,2026-08-30T10:07:09Z,1.0.0,"{'is_revision': False, 'prior_value': None, 'revision_reason': None}",FLAG,AVAILABLE
2005-12-30,GLOBAL,386.81,,metric_tonnes,World Gold Council,ETF_Flows_2026-08-04_1202.xlsx,2026-08-04,2026-08-30,2026-08-30T10:07:09Z,1.0.0,"{'is_revision': False, 'prior_value': None, 'revision_reason': None}",FLAG,AVAILABLE
2006-01-31,GLOBAL,467.54,,metric_tonnes,World Gold Council,ETF_Flows_2026-08-04_1202.xlsx,2026-08-04,2026-08-30,2026-08-30T10:07:09Z,1.0.0,"{'is_revision': False, 'prior_value': None, 'revision_reason': None}",FLAG,AVAILABLE
2006-02-28,GLOBAL,488.76,,metric_tonnes,World Gold Council,ETF_Flows_2026-08-04_1202.xlsx,2026-08-04,2026-08-30,2026-08-30T10:07:09Z,1.0.0,"{'is_revision': False, 'prior_value': None, 'revision_reason': None}",PASS,AVAILABLE
2006-03-31,GLOBAL,498.7,,metric_tonnes,World Gold Council,ETF_Flows_2026-08-04_1202.xlsx,2026-08-04,2026-08-30,2026-08-30T10:07:09Z,1.0.0,"{'is_revision': False, 'prior_value': None, 'revision_reason': None}",PASS,AVAILABLE
2006-04-28,GLOBAL,524.18,,metric_tonnes,World Gold Council,ETF_Flows_2026-08-04_1202.xlsx,2026-08-04,2026-08-30,2026-08-30T10:07:09Z,1.0.0,"{'is_revision': False, 'prior_value': None, 'revision_reason': None}",FLAG,AVAILABLE
2006-05-31,GLOBAL,516.98,,metric_tonnes,World Gold Council,ETF_Flows_2026-08-04_1202.xlsx,2026-08-04,2026-08-30,2026-08-30T10:07:09Z,1.0.0,"{'is_revision': False, 'prior_value': None, 'revision_reason': None}",PASS,AVAILABLE
2006-06-30,GLOBAL,547.52,,metric_tonnes,World Gold Council,ETF_Flows_2026-08-04_1202.xlsx,2026-08-04,2026-08-30,2026-08-30T10:07:09Z,1.0.0,"{'is_revision': False, 'prior_value': None, 'revision_reason': None}",FLAG,AVAILABLE
2006-07-31,GLOBAL,561.85,,metric_tonnes,World Gold Council,ETF_Flows_2026-08-04_1202.xlsx,2026-08-04,2026-08-30,2026-08-30T10:07:09Z,1.0.0,"{'is_revision': False, 'prior_value': None, 'revision_reason': None}",PASS,AVAILABLE
2006-08-31,GLOBAL,569.87,,metric_tonnes,World Gold Council,ETF_Flows_2026-08-04_1202.xlsx,2026-08-04,2026-08-30,2026-08-30T10:07:09Z,1.0.0,"{'is_revision': False, 'prior_value': None, 'revision_reason': None}",PASS,AVAILABLE
2006-09-29,GLOBAL,564.81,,metric_tonnes,World Gold Council,ETF_Flows_2026-08-04_1202.xlsx,2026-08-04,2026-08-30,2026-08-30T10:07:09Z,1.0.0,"{'is_revision': False, 'prior_value': None, 'revision_reason': None}",PASS,AVAILABLE
2006-10-31,GLOBAL,571.73,,metric_tonnes,World Gold Council,ETF_Flows_2026-08-04_1202.xlsx,2026-08-04,2026-08-30,2026-08-30T10:07:09Z,1.0.0,"{'is_revision': False, 'prior_value': None, 'revision_reason': None}",PASS,AVAILABLE
2006-11-30,GLOBAL,632.37,,metric_tonnes,World Gold Council,ETF_Flows_2026-08-04_1202.xlsx,2026-08-04,2026-08-30,2026-08-30T10:07:09Z,1.0.0,"{'is_revision': False, 'prior_value': None, 'revision_reason': None}",FLAG,AVAILABLE
2006-12-29,GLOBAL,643.89,,metric_tonnes,World Gold Council,ETF_Flows_2026-08-04_1202.xlsx,2026-08-04,2026-08-30,2026-08-30T10:07:09Z,1.0.0,"{'is_revision': False, 'prior_value': None, 'revision_reason': None}",PASS,AVAILABLE
2007-01-31,GLOBAL,642.06,,metric_tonnes,World Gold Council,ETF_Flows_2026-08-04_1202.xlsx,2026-08-04,2026-08-30,2026-08-30T10:07:09Z,1.0.0,"{'is_revision': False, 'prior_value': None, 'revision_reason': None}",PASS,AVAILABLE
2007-02-28,GLOBAL,676.37,,metric_tonnes,World Gold Council,ETF_Flows_2026-08-04_1202.xlsx,2026-08-04,2026-08-30,2026-08-30T10:07:09Z,1.0.0,"{'is_revision': False, 'prior_value': None, 'revision_reason': None}",FLAG,AVAILABLE
2007-03-30,GLOBAL,682.54,,metric_tonnes,World Gold Council,ETF_Flows_2026-08-04_1202.xlsx,2026-08-04,2026-08-30,2026-08-30T10:07:09Z,1.0.0,"{'is_revision': False, 'prior_value': None, 'revision_reason': None}",PASS,AVAILABLE
2007-04-30,GLOBAL,696.73,,metric_tonnes,World Gold Council,ETF_Flows_2026-08-04_1202.xlsx,2026-08-04,2026-08-30,2026-08-30T10:07:09Z,1.0.0,"{'is_revision': False, 'prior_value': None, 'revision_reason': None}",PASS,AVAILABLE
2007-05-31,GLOBAL,676.08,,metric_tonnes,World Gold Council,ETF_Flows_2026-08-04_1202.xlsx,2026-08-04,2026-08-30,2026-08-30T10:07:09Z,1.0.0,"{'is_revision': False, 'prior_value': None, 'revision_reason': None}",PASS,AVAILABLE
2007-06-29,GLOBAL,678.76,,metric_tonnes,World Gold Council,ETF_Flows_2026-08-04_1202.xlsx,2026-08-04,2026-08-30,2026-08-30T10:07:09Z,1.0.0,"{'is_revision': False, 'prior_value': None, 'revision_reason': None}",PASS,AVAILABLE
2007-07-31,GLOBAL,715.66,,metric_tonnes,World Gold Council,ETF_Flows_2026-08-04_1202.xlsx,2026-08-04,2026-08-30,2026-08-30T10:07:09Z,1.0.0,"{'is_revision': False, 'prior_value': None, 'revision_reason': None}",FLAG,AVAILABLE
2007-08-31,GLOBAL,740.76,,metric_tonnes,World Gold Council,ETF_Flows_2026-08-04_1202.xlsx,2026-08-04,2026-08-30,2026-08-30T10:07:09Z,1.0.0,"{'is_revision': False, 'prior_value': None, 'revision_reason': None}",PASS,AVAILABLE
2007-09-28,GLOBAL,816.95,,metric_tonnes,World Gold Council,ETF_Flows_2026-08-04_1202.xlsx,2026-08-04,2026-08-30,2026-08-30T10:07:09Z,1.0.0,"{'is_revision': False, 'prior_value': None, 'revision_reason': None}",FLAG,AVAILABLE
2007-10-31,GLOBAL,849.94,,metric_tonnes,World Gold Council,ETF_Flows_2026-08-04_1202.xlsx,2026-08-04,2026-08-30,2026-08-30T10:07:09Z,1.0.0,"{'is_revision': False, 'prior_value': None, 'revision_reason': None}",PASS,AVAILABLE
2007-11-30,GLOBAL,861.12,,metric_tonnes,World Gold Council,ETF_Flows_2026-08-04_1202.xlsx,2026-08-04,2026-08-30,2026-08-30T10:07:09Z,1.0.0,"{'is_revision': False, 'prior_value': None, 'revision_reason': None}",PASS,AVAILABLE
2007-12-31,GLOBAL,895.95,,metric_tonnes,World Gold Council,ETF_Flows_2026-08-04_1202.xlsx,2026-08-04,2026-08-30,2026-08-30T10:07:09Z,1.0.0,"{'is_revision': False, 'prior_value': None, 'revision_reason': None}",PASS,AVAILABLE
2008-01-31,GLOBAL,924.16,,metric_tonnes,World Gold Council,ETF_Flows_2026-08-04_1202.xlsx,2026-08-04,2026-08-30,2026-08-30T10:07:09Z,1.0.0,"{'is_revision': False, 'prior_value': None, 'revision_reason': None}",PASS,AVAILABLE
2008-02-29,GLOBAL,942.74,,metric_tonnes,World Gold Council,ETF_Flows_2026-08-04_1202.xlsx,2026-08-04,2026-08-30,2026-08-30T10:07:09Z,1.0.0,"{'is_revision': False, 'prior_value': None, 'revision_reason': None}",PASS,AVAILABLE
2008-03-31,GLOBAL,968.2,,metric_tonnes,World Gold Council,ETF_Flows_2026-08-04_1202.xlsx,2026-08-04,2026-08-30,2026-08-30T10:07:09Z,1.0.0,"{'is_revision': False, 'prior_value': None, 'revision_reason': None}",PASS,AVAILABLE
2008-04-30,GLOBAL,908.6,,metric_tonnes,World Gold Council,ETF_Flows_2026-08-04_1202.xlsx,2026-08-04,2026-08-30,2026-08-30T10:07:09Z,1.0.0,"{'is_revision': False, 'prior_value': None, 'revision_reason': None}",FLAG,AVAILABLE
2008-05-30,GLOBAL,923.3,,metric_tonnes,World Gold Council,ETF_Flows_2026-08-04_1202.xlsx,2026-08-04,2026-08-30,2026-08-30T10:07:09Z,1.0.0,"{'is_revision': False, 'prior_value': None, 'revision_reason': None}",PASS,AVAILABLE
2008-06-30,GLOBAL,973.13,,metric_tonnes,World Gold Council,ETF_Flows_2026-08-04_1202.xlsx,2026-08-04,2026-08-30,2026-08-30T10:07:09Z,1.0.0,"{'is_revision': False, 'prior_value': None, 'revision_reason': None}",FLAG,AVAILABLE
2008-07-31,GLOBAL,1039.85,,metric_tonnes,World Gold Council,ETF_Flows_2026-08-04_1202.xlsx,2026-08-04,2026-08-30,2026-08-30T10:07:09Z,1.0.0,"{'is_revision': False, 'prior_value': None, 'revision_reason': None}",FLAG,AVAILABLE
2008-08-29,GLOBAL,1017.92,,metric_tonnes,World Gold Council,ETF_Flows_2026-08-04_1202.xlsx,2026-08-04,2026-08-30,2026-08-30T10:07:09Z,1.0.0,"{'is_revision': False, 'prior_value': None, 'revision_reason': None}",PASS,AVAILABLE
2008-09-30,GLOBAL,1123.51,,metric_tonnes,World Gold Council,ETF_Flows_2026-08-04_1202.xlsx,2026-08-04,2026-08-30,2026-08-30T10:07:09Z,1.0.0,"{'is_revision': False, 'prior_value': None, 'revision_reason': None}",FLAG,AVAILABLE
2008-10-31,GLOBAL,1159.48,,metric_tonnes,World Gold Council,ETF_Flows_2026-08-04_1202.xlsx,2026-08-04,2026-08-30,2026-08-30T10:07:09Z,1.0.0,"{'is_revision': False, 'prior_value': None, 'revision_reason': None}",PASS,AVAILABLE
2008-11-28,GLOBAL,1174.7,,metric_tonnes,World Gold Council,ETF_Flows_2026-08-04_1202.xlsx,2026-08-04,2026-08-30,2026-08-30T10:07:09Z,1.0.0,"{'is_revision': False, 'prior_value': None, 'revision_reason': None}",PASS,AVAILABLE
2008-12-31,GLOBAL,1222.45,,metric_tonnes,World Gold Council,ETF_Flows_2026-08-04_1202.xlsx,2026-08-04,2026-08-30,2026-08-30T10:07:09Z,1.0.0,"{'is_revision': False, 'prior_value': None, 'revision_reason': None}",PASS,AVAILABLE
2009-01-30,GLOBAL,1322.11,,metric_tonnes,World Gold Council,ETF_Flows_2026-08-04_1202.xlsx,2026-08-04,2026-08-30,2026-08-30T10:07:09Z,1.0.0,"{'is_revision': False, 'prior_value': None, 'revision_reason': None}",FLAG,AVAILABLE
2009-02-27,GLOBAL,1545.75,,metric_tonnes,World Gold Council,ETF_Flows_2026-08-04_1202.xlsx,2026-08-04,2026-08-30,2026-08-30T10:07:09Z,1.0.0,"{'is_revision': False, 'prior_value': None, 'revision_reason': None}",FLAG,AVAILABLE
2009-03-31,GLOBAL,1678.05,,metric_tonnes,World Gold Council,ETF_Flows_2026-08-04_1202.xlsx,2026-08-04,2026-08-30,2026-08-30T10:07:09Z,1.0.0,"{'is_revision': False, 'prior_value': None, 'revision_reason': None}",FLAG,AVAILABLE
2009-04-30,GLOBAL,1675.63,,metric_tonnes,World Gold Council,ETF_Flows_2026-08-04_1202.xlsx,2026-08-04,2026-08-30,2026-08-30T10:07:09Z,1.0.0,"{'is_revision': False, 'prior_value': None, 'revision_reason': None}",PASS,AVAILABLE
2009-05-29,GLOBAL,1717.92,,metric_tonnes,World Gold Council,ETF_Flows_2026-08-04_1202.xlsx,2026-08-04,2026-08-30,2026-08-30T10:07:09Z,1.0.0,"{'is_revision': False, 'prior_value': None, 'revision_reason': None}",PASS,AVAILABLE
2009-06-30,GLOBAL,1732.63,,metric_tonnes,World Gold Council,ETF_Flows_2026-08-04_1202.xlsx,2026-08-04,2026-08-30,2026-08-30T10:07:09Z,1.0.0,"{'is_revision': False, 'prior_value': None, 'revision_reason': None}",PASS,AVAILABLE
2009-07-31,GLOBAL,1700.1,,metric_tonnes,World Gold Council,ETF_Flows_2026-08-04_1202.xlsx,2026-08-04,2026-08-30,2026-08-30T10:07:09Z,1.0.0,"{'is_revision': False, 'prior_value': None, 'revision_reason': None}",PASS,AVAILABLE
2009-08-31,GLOBAL,1713.29,,metric_tonnes,World Gold Council,ETF_Flows_2026-08-04_1202.xlsx,2026-08-04,2026-08-30,2026-08-30T10:07:09Z,1.0.0,"{'is_revision': False, 'prior_value': None, 'revision_reason': None}",PASS,AVAILABLE
2009-09-30,GLOBAL,1782.56,,metric_tonnes,World Gold Council,ETF_Flows_2026-08-04_1202.xlsx,2026-08-04,2026-08-30,2026-08-30T10:07:09Z,1.0.0,"{'is_revision': False, 'prior_value': None, 'revision_reason': None}",PASS,AVAILABLE
2009-10-30,GLOBAL,1826.54,,metric_tonnes,World Gold Council,ETF_Flows_2026-08-04_1202.xlsx,2026-08-04,2026-08-30,2026-08-30T10:07:09Z,1.0.0,"{'is_revision': False, 'prior_value': None, 'revision_reason': None}",PASS,AVAILABLE
2009-11-30,GLOBAL,1871.15,,metric_tonnes,World Gold Council,ETF_Flows_2026-08-04_1202.xlsx,2026-08-04,2026-08-30,2026-08-30T10:07:09Z,1.0.0,"{'is_revision': False, 'prior_value': None, 'revision_reason': None}",PASS,AVAILABLE
2009-12-31,GLOBAL,1861.76,,metric_tonnes,World Gold Council,ETF_Flows_2026-08-04_1202.xlsx,2026-08-04,2026-08-30,2026-08-30T10:07:09Z,1.0.0,"{'is_revision': False, 'prior_value': None, 'revision_reason': None}",PASS,AVAILABLE
2010-01-29,GLOBAL,1840.6,,metric_tonnes,World Gold Council,ETF_Flows_2026-08-04_1202.xlsx,2026-08-04,2026-08-30,2026-08-30T10:07:09Z,1.0.0,"{'is_revision': False, 'prior_value': None, 'revision_reason': None}",PASS,AVAILABLE
2010-02-26,GLOBAL,1858.11,,metric_tonnes,World Gold Council,ETF_Flows_2026-08-04_1202.xlsx,2026-08-04,2026-08-30,2026-08-30T10:07:09Z,1.0.0,"{'is_revision': False, 'prior_value': None, 'revision_reason': None}",PASS,AVAILABLE
2010-03-31,GLOBAL,1883.73,,metric_tonnes,World Gold Council,ETF_Flows_2026-08-04_1202.xlsx,2026-08-04,2026-08-30,2026-08-30T10:07:09Z,1.0.0,"{'is_revision': False, 'prior_value': None, 'revision_reason': None}",PASS,AVAILABLE
2010-04-30,GLOBAL,1931.92,,metric_tonnes,World Gold Council,ETF_Flows_2026-08-04_1202.xlsx,2026-08-04,2026-08-30,2026-08-30T10:07:09Z,1.0.0,"{'is_revision': False, 'prior_value': None, 'revision_reason': None}",PASS,AVAILABLE
2010-05-31,GLOBAL,2101.3,,metric_tonnes,World Gold Council,ETF_Flows_2026-08-04_1202.xlsx,2026-08-04,2026-08-30,2026-08-30T10:07:09Z,1.0.0,"{'is_revision': False, 'prior_value': None, 'revision_reason': None}",FLAG,AVAILABLE
2010-06-30,GLOBAL,2184.11,,metric_tonnes,World Gold Council,ETF_Flows_2026-08-04_1202.xlsx,2026-08-04,2026-08-30,2026-08-30T10:07:09Z,1.0.0,"{'is_revision': False, 'prior_value': None, 'revision_reason': None}",PASS,AVAILABLE
2010-07-30,GLOBAL,2154.22,,metric_tonnes,World Gold Council,ETF_Flows_2026-08-04_1202.xlsx,2026-08-04,2026-08-30,2026-08-30T10:07:09Z,1.0.0,"{'is_revision': False, 'prior_value': None, 'revision_reason': None}",PASS,AVAILABLE
2010-08-31,GLOBAL,2201.3,,metric_tonnes,World Gold Council,ETF_Flows_2026-08-04_1202.xlsx,2026-08-04,2026-08-30,2026-08-30T10:07:09Z,1.0.0,"{'is_revision': False, 'prior_value': None, 'revision_reason': None}",PASS,AVAILABLE
2010-09-30,GLOBAL,2237.69,,metric_tonnes,World Gold Council,ETF_Flows_2026-08-04_1202.xlsx,2026-08-04,2026-08-30,2026-08-30T10:07:09Z,1.0.0,"{'is_revision': False, 'prior_value': None, 'revision_reason': None}",PASS,AVAILABLE
2010-10-29,GLOBAL,2236.65,,metric_tonnes,World Gold Council,ETF_Flows_2026-08-04_1202.xlsx,2026-08-04,2026-08-30,2026-08-30T10:07:09Z,1.0.0,"{'is_revision': False, 'prior_value': None, 'revision_reason': None}",PASS,AVAILABLE
2010-11-30,GLOBAL,2245.71,,metric_tonnes,World Gold Council,ETF_Flows_2026-08-04_1202.xlsx,2026-08-04,2026-08-30,2026-08-30T10:07:09Z,1.0.0,"{'is_revision': False, 'prior_value': None, 'revision_reason': None}",PASS,AVAILABLE
2010-12-31,GLOBAL,2268.59,,metric_tonnes,World Gold Council,ETF_Flows_2026-08-04_1202.xlsx,2026-08-04,2026-08-30,2026-08-30T10:07:09Z,1.0.0,"{'is_revision': False, 'prior_value': None, 'revision_reason': None}",PASS,AVAILABLE
2011-01-31,GLOBAL,2193.91,,metric_tonnes,World Gold Council,ETF_Flows_2026-08-04_1202.xlsx,2026-08-04,2026-08-30,2026-08-30T10:07:09Z,1.0.0,"{'is_revision': False, 'prior_value': None, 'revision_reason': None}",PASS,AVAILABLE
2011-02-28,GLOBAL,2190.26,,metric_tonnes,World Gold Council,ETF_Flows_2026-08-04_1202.xlsx,2026-08-04,2026-08-30,2026-08-30T10:07:09Z,1.0.0,"{'is_revision': False, 'prior_value': None, 'revision_reason': None}",PASS,AVAILABLE
2011-03-31,GLOBAL,2215.39,,metric_tonnes,World Gold Council,ETF_Flows_2026-08-04_1202.xlsx,2026-08-04,2026-08-30,2026-08-30T10:07:09Z,1.0.0,"{'is_revision': False, 'prior_value': None, 'revision_reason': None}",PASS,AVAILABLE
2011-04-29,GLOBAL,2277.95,,metric_tonnes,World Gold Council,ETF_Flows_2026-08-04_1202.xlsx,2026-08-04,2026-08-30,2026-08-30T10:07:09Z,1.0.0,"{'is_revision': False, 'prior_value': None, 'revision_reason': None}",PASS,AVAILABLE
2011-05-31,GLOBAL,2254.16,,metric_tonnes,World Gold Council,ETF_Flows_2026-08-04_1202.xlsx,2026-08-04,2026-08-30,2026-08-30T10:07:09Z,1.0.0,"{'is_revision': False, 'prior_value': None, 'revision_reason': None}",PASS,AVAILABLE
2011-06-30,GLOBAL,2272.52,,metric_tonnes,World Gold Council,ETF_Flows_2026-08-04_1202.xlsx,2026-08-04,2026-08-30,2026-08-30T10:07:09Z,1.0.0,"{'is_revision': False, 'prior_value': None, 'revision_reason': None}",PASS,AVAILABLE
2011-07-29,GLOBAL,2389.88,,metric_tonnes,World Gold Council,ETF_Flows_2026-08-04_1202.xlsx,2026-08-04,2026-08-30,2026-08-30T10:07:09Z,1.0.0,"{'is_revision': False, 'prior_value': None, 'revision_reason': None}",FLAG,AVAILABLE
2011-08-31,GLOBAL,2390.81,,metric_tonnes,World Gold Council,ETF_Flows_2026-08-04_1202.xlsx,2026-08-04,2026-08-30,2026-08-30T10:07:09Z,1.0.0,"{'is_revision': False, 'prior_value': None, 'revision_reason': None}",PASS,AVAILABLE
2011-09-30,GLOBAL,2384.71,,metric_tonnes,World Gold Council,ETF_Flows_2026-08-04_1202.xlsx,2026-08-04,2026-08-30,2026-08-30T10:07:09Z,1.0.0,"{'is_revision': False, 'prior_value': None, 'revision_reason': None}",PASS,AVAILABLE
2011-10-31,GLOBAL,2422.8,,metric_tonnes,World Gold Council,ETF_Flows_2026-08-04_1202.xlsx,2026-08-04,2026-08-30,2026-08-30T10:07:09Z,1.0.0,"{'is_revision': False, 'prior_value': None, 'revision_reason': None}",PASS,AVAILABLE
2011-11-30,GLOBAL,2531.71,,metric_tonnes,World Gold Council,ETF_Flows_2026-08-04_1202.xlsx,2026-08-04,2026-08-30,2026-08-30T10:07:09Z,1.0.0,"{'is_revision': False, 'prior_value': None, 'revision_reason': None}",PASS,AVAILABLE
2011-12-30,GLOBAL,2510.48,,metric_tonnes,World Gold Council,ETF_Flows_2026-08-04_1202.xlsx,2026-08-04,2026-08-30,2026-08-30T10:07:09Z,1.0.0,"{'is_revision': False, 'prior_value': None, 'revision_reason': None}",PASS,AVAILABLE
2012-01-31,GLOBAL,2528.64,,metric_tonnes,World Gold Council,ETF_Flows_2026-08-04_1202.xlsx,2026-08-04,2026-08-30,2026-08-30T10:07:09Z,1.0.0,"{'is_revision': False, 'prior_value': None, 'revision_reason': None}",PASS,AVAILABLE
2012-02-29,GLOBAL,2554.05,,metric_tonnes,World Gold Council,ETF_Flows_2026-08-04_1202.xlsx,2026-08-04,2026-08-30,2026-08-30T10:07:09Z,1.0.0,"{'is_revision': False, 'prior_value': None, 'revision_reason': None}",PASS,AVAILABLE
2012-03-30,GLOBAL,2573.44,,metric_tonnes,World Gold Council,ETF_Flows_2026-08-04_1202.xlsx,2026-08-04,2026-08-30,2026-08-30T10:07:09Z,1.0.0,"{'is_revision': False, 'prior_value': None, 'revision_reason': None}",PASS,AVAILABLE
2012-04-30,GLOBAL,2568.03,,metric_tonnes,World Gold Council,ETF_Flows_2026-08-04_1202.xlsx,2026-08-04,2026-08-30,2026-08-30T10:07:09Z,1.0.0,"{'is_revision': False, 'prior_value': None, 'revision_reason': None}",PASS,AVAILABLE
2012-05-31,GLOBAL,2527.86,,metric_tonnes,World Gold Council,ETF_Flows_2026-08-04_1202.xlsx,2026-08-04,2026-08-30,2026-08-30T10:07:09Z,1.0.0,"{'is_revision': False, 'prior_value': None, 'revision_reason': None}",PASS,AVAILABLE
2012-06-29,GLOBAL,2571.62,,metric_tonnes,World Gold Council,ETF_Flows_2026-08-04_1202.xlsx,2026-08-04,2026-08-30,2026-08-30T10:07:09Z,1.0.0,"{'is_revision': False, 'prior_value': None, 'revision_reason': None}",PASS,AVAILABLE
2012-07-31,GLOBAL,2555.88,,metric_tonnes,World Gold Council,ETF_Flows_2026-08-04_1202.xlsx,2026-08-04,2026-08-30,2026-08-30T10:07:09Z,1.0.0,"{'is_revision': False, 'prior_value': None, 'revision_reason': None}",PASS,AVAILABLE
2012-08-31,GLOBAL,2635.85,,metric_tonnes,World Gold Council,ETF_Flows_2026-08-04_1202.xlsx,2026-08-04,2026-08-30,2026-08-30T10:07:09Z,1.0.0,"{'is_revision': False, 'prior_value': None, 'revision_reason': None}",PASS,AVAILABLE
2012-09-28,GLOBAL,2714.97,,metric_tonnes,World Gold Council,ETF_Flows_2026-08-04_1202.xlsx,2026-08-04,2026-08-30,2026-08-30T10:07:09Z,1.0.0,"{'is_revision': False, 'prior_value': None, 'revision_reason': None}",PASS,AVAILABLE
2012-10-31,GLOBAL,2760.44,,metric_tonnes,World Gold Council,ETF_Flows_2026-08-04_1202.xlsx,2026-08-04,2026-08-30,2026-08-30T10:07:09Z,1.0.0,"{'is_revision': False, 'prior_value': None, 'revision_reason': None}",PASS,AVAILABLE
2012-11-30,GLOBAL,2791.29,,metric_tonnes,World Gold Council,ETF_Flows_2026-08-04_1202.xlsx,2026-08-04,2026-08-30,2026-08-30T10:07:09Z,1.0.0,"{'is_revision': False, 'prior_value': None, 'revision_reason': None}",PASS,AVAILABLE
2012-12-31,GLOBAL,2803.01,,metric_tonnes,World Gold Council,ETF_Flows_2026-08-04_1202.xlsx,2026-08-04,2026-08-30,2026-08-30T10:07:09Z,1.0.0,"{'is_revision': False, 'prior_value': None, 'revision_reason': None}",PASS,AVAILABLE
2013-01-31,GLOBAL,2780.78,,metric_tonnes,World Gold Council,ETF_Flows_2026-08-04_1202.xlsx,2026-08-04,2026-08-30,2026-08-30T10:07:09Z,1.0.0,"{'is_revision': False, 'prior_value': None, 'revision_reason': None}",PASS,AVAILABLE
2013-02-28,GLOBAL,2662.47,,metric_tonnes,World Gold Council,ETF_Flows_2026-08-04_1202.xlsx,2026-08-04,2026-08-30,2026-08-30T10:07:09Z,1.0.0,"{'is_revision': False, 'prior_value': None, 'revision_reason': None}",PASS,AVAILABLE
2013-03-29,GLOBAL,2612.0,,metric_tonnes,World Gold Council,ETF_Flows_2026-08-04_1202.xlsx,2026-08-04,2026-08-30,2026-08-30T10:07:09Z,1.0.0,"{'is_revision': False, 'prior_value': None, 'revision_reason': None}",PASS,AVAILABLE
2013-04-30,GLOBAL,2433.18,,metric_tonnes,World Gold Council,ETF_Flows_2026-08-04_1202.xlsx,2026-08-04,2026-08-30,2026-08-30T10:07:09Z,1.0.0,"{'is_revision': False, 'prior_value': None, 'revision_reason': None}",FLAG,AVAILABLE
2013-05-31,GLOBAL,2285.71,,metric_tonnes,World Gold Council,ETF_Flows_2026-08-04_1202.xlsx,2026-08-04,2026-08-30,2026-08-30T10:07:09Z,1.0.0,"{'is_revision': False, 'prior_value': None, 'revision_reason': None}",FLAG,AVAILABLE
2013-06-28,GLOBAL,2191.36,,metric_tonnes,World Gold Council,ETF_Flows_2026-08-04_1202.xlsx,2026-08-04,2026-08-30,2026-08-30T10:07:09Z,1.0.0,"{'is_revision': False, 'prior_value': None, 'revision_reason': None}",PASS,AVAILABLE
2013-07-31,GLOBAL,2116.31,,metric_tonnes,World Gold Council,ETF_Flows_2026-08-04_1202.xlsx,2026-08-04,2026-08-30,2026-08-30T10:07:09Z,1.0.0,"{'is_revision': False, 'prior_value': None, 'revision_reason': None}",PASS,AVAILABLE
2013-08-30,GLOBAL,2092.72,,metric_tonnes,World Gold Council,ETF_Flows_2026-08-04_1202.xlsx,2026-08-04,2026-08-30,2026-08-30T10:07:09Z,1.0.0,"{'is_revision': False, 'prior_value': None, 'revision_reason': None}",PASS,AVAILABLE
2013-09-30,GLOBAL,2067.34,,metric_tonnes,World Gold Council,ETF_Flows_2026-08-04_1202.xlsx,2026-08-04,2026-08-30,2026-08-30T10:07:09Z,1.0.0,"{'is_revision': False, 'prior_value': None, 'revision_reason': None}",PASS,AVAILABLE
2013-10-31,GLOBAL,2012.91,,metric_tonnes,World Gold Council,ETF_Flows_2026-08-04_1202.xlsx,2026-08-04,2026-08-30,2026-08-30T10:07:09Z,1.0.0,"{'is_revision': False, 'prior_value': None, 'revision_reason': None}",PASS,AVAILABLE
2013-11-29,GLOBAL,1964.35,,metric_tonnes,World Gold Council,ETF_Flows_2026-08-04_1202.xlsx,2026-08-04,2026-08-30,2026-08-30T10:07:09Z,1.0.0,"{'is_revision': False, 'prior_value': None, 'revision_reason': None}",PASS,AVAILABLE
2013-12-31,GLOBAL,1873.79,,metric_tonnes,World Gold Council,ETF_Flows_2026-08-04_1202.xlsx,2026-08-04,2026-08-30,2026-08-30T10:07:09Z,1.0.0,"{'is_revision': False, 'prior_value': None, 'revision_reason': None}",PASS,AVAILABLE
2014-01-31,GLOBAL,1844.81,,metric_tonnes,World Gold Council,ETF_Flows_2026-08-04_1202.xlsx,2026-08-04,2026-08-30,2026-08-30T10:07:09Z,1.0.0,"{'is_revision': False, 'prior_value': None, 'revision_reason': None}",PASS,AVAILABLE
2014-02-28,GLOBAL,1855.26,,metric_tonnes,World Gold Council,ETF_Flows_2026-08-04_1202.xlsx,2026-08-04,2026-08-30,2026-08-30T10:07:09Z,1.0.0,"{'is_revision': False, 'prior_value': None, 'revision_reason': None}",PASS,AVAILABLE
2014-03-31,GLOBAL,1865.61,,metric_tonnes,World Gold Council,ETF_Flows_2026-08-04_1202.xlsx,2026-08-04,2026-08-30,2026-08-30T10:07:09Z,1.0.0,"{'is_revision': False, 'prior_value': None, 'revision_reason': None}",PASS,AVAILABLE
2014-04-30,GLOBAL,1851.12,,metric_tonnes,World Gold Council,ETF_Flows_2026-08-04_1202.xlsx,2026-08-04,2026-08-30,2026-08-30T10:07:09Z,1.0.0,"{'is_revision': False, 'prior_value': None, 'revision_reason': None}",PASS,AVAILABLE
2014-05-30,GLOBAL,1842.79,,metric_tonnes,World Gold Council,ETF_Flows_2026-08-04_1202.xlsx,2026-08-04,2026-08-30,2026-08-30T10:07:09Z,1.0.0,"{'is_revision': False, 'prior_value': None, 'revision_reason': None}",PASS,AVAILABLE
2014-06-30,GLOBAL,1842.81,,metric_tonnes,World Gold Council,ETF_Flows_2026-08-04_1202.xlsx,2026-08-04,2026-08-30,2026-08-30T10:07:09Z,1.0.0,"{'is_revision': False, 'prior_value': None, 'revision_reason': None}",PASS,AVAILABLE
2014-07-31,GLOBAL,1851.15,,metric_tonnes,World Gold Council,ETF_Flows_2026-08-04_1202.xlsx,2026-08-04,2026-08-30,2026-08-30T10:07:09Z,1.0.0,"{'is_revision': False, 'prior_value': None, 'revision_reason': None}",PASS,AVAILABLE
2014-08-29,GLOBAL,1840.48,,metric_tonnes,World Gold Council,ETF_Flows_2026-08-04_1202.xlsx,2026-08-04,2026-08-30,2026-08-30T10:07:09Z,1.0.0,"{'is_revision': False, 'prior_value': None, 'revision_reason': None}",PASS,AVAILABLE
2014-09-30,GLOBAL,1795.32,,metric_tonnes,World Gold Council,ETF_Flows_2026-08-04_1202.xlsx,2026-08-04,2026-08-30,2026-08-30T10:07:09Z,1.0.0,"{'is_revision': False, 'prior_value': None, 'revision_reason': None}",PASS,AVAILABLE
2014-10-31,GLOBAL,1766.84,,metric_tonnes,World Gold Council,ETF_Flows_2026-08-04_1202.xlsx,2026-08-04,2026-08-30,2026-08-30T10:07:09Z,1.0.0,"{'is_revision': False, 'prior_value': None, 'revision_reason': None}",PASS,AVAILABLE
2014-11-28,GLOBAL,1730.41,,metric_tonnes,World Gold Council,ETF_Flows_2026-08-04_1202.xlsx,2026-08-04,2026-08-30,2026-08-30T10:07:09Z,1.0.0,"{'is_revision': False, 'prior_value': None, 'revision_reason': None}",PASS,AVAILABLE
2014-12-31,GLOBAL,1711.53,,metric_tonnes,World Gold Council,ETF_Flows_2026-08-04_1202.xlsx,2026-08-04,2026-08-30,2026-08-30T10:07:09Z,1.0.0,"{'is_revision': False, 'prior_value': None, 'revision_reason': None}",PASS,AVAILABLE
2015-01-30,GLOBAL,1771.04,,metric_tonnes,World Gold Council,ETF_Flows_2026-08-04_1202.xlsx,2026-08-04,2026-08-30,2026-08-30T10:07:09Z,1.0.0,"{'is_revision': False, 'prior_value': None, 'revision_reason': None}",PASS,AVAILABLE
2015-02-27,GLOBAL,1791.41,,metric_tonnes,World Gold Council,ETF_Flows_2026-08-04_1202.xlsx,2026-08-04,2026-08-30,2026-08-30T10:07:09Z,1.0.0,"{'is_revision': False, 'prior_value': None, 'revision_reason': None}",PASS,AVAILABLE
2015-03-31,GLOBAL,1739.52,,metric_tonnes,World Gold Council,ETF_Flows_2026-08-04_1202.xlsx,2026-08-04,2026-08-30,2026-08-30T10:07:09Z,1.0.0,"{'is_revision': False, 'prior_value': None, 'revision_reason': None}",PASS,AVAILABLE
2015-04-30,GLOBAL,1746.69,,metric_tonnes,World Gold Council,ETF_Flows_2026-08-04_1202.xlsx,2026-08-04,2026-08-30,2026-08-30T10:07:09Z,1.0.0,"{'is_revision': False, 'prior_value': None, 'revision_reason': None}",PASS,AVAILABLE
2015-05-29,GLOBAL,1726.33,,metric_tonnes,World Gold Council,ETF_Flows_2026-08-04_1202.xlsx,2026-08-04,2026-08-30,2026-08-30T10:07:09Z,1.0.0,"{'is_revision': False, 'prior_value': None, 'revision_reason': None}",PASS,AVAILABLE
2015-06-30,GLOBAL,1719.26,,metric_tonnes,World Gold Council,ETF_Flows_2026-08-04_1202.xlsx,2026-08-04,2026-08-30,2026-08-30T10:07:09Z,1.0.0,"{'is_revision': False, 'prior_value': None, 'revision_reason': None}",PASS,AVAILABLE
2015-07-31,GLOBAL,1646.31,,metric_tonnes,World Gold Council,ETF_Flows_2026-08-04_1202.xlsx,2026-08-04,2026-08-30,2026-08-30T10:07:09Z,1.0.0,"{'is_revision': False, 'prior_value': None, 'revision_reason': None}",PASS,AVAILABLE
2015-08-31,GLOBAL,1652.94,,metric_tonnes,World Gold Council,ETF_Flows_2026-08-04_1202.xlsx,2026-08-04,2026-08-30,2026-08-30T10:07:09Z,1.0.0,"{'is_revision': False, 'prior_value': None, 'revision_reason': None}",PASS,AVAILABLE
2015-09-30,GLOBAL,1654.07,,metric_tonnes,World Gold Council,ETF_Flows_2026-08-04_1202.xlsx,2026-08-04,2026-08-30,2026-08-30T10:07:09Z,1.0.0,"{'is_revision': False, 'prior_value': None, 'revision_reason': None}",PASS,AVAILABLE
2015-10-30,GLOBAL,1663.25,,metric_tonnes,World Gold Council,ETF_Flows_2026-08-04_1202.xlsx,2026-08-04,2026-08-30,2026-08-30T10:07:09Z,1.0.0,"{'is_revision': False, 'prior_value': None, 'revision_reason': None}",PASS,AVAILABLE
2015-11-30,GLOBAL,1615.26,,metric_tonnes,World Gold Council,ETF_Flows_2026-08-04_1202.xlsx,2026-08-04,2026-08-30,2026-08-30T10:07:09Z,1.0.0,"{'is_revision': False, 'prior_value': None, 'revision_reason': None}",PASS,AVAILABLE
2015-12-31,GLOBAL,1587.92,,metric_tonnes,World Gold Council,ETF_Flows_2026-08-04_1202.xlsx,2026-08-04,2026-08-30,2026-08-30T10:07:09Z,1.0.0,"{'is_revision': False, 'prior_value': None, 'revision_reason': None}",PASS,AVAILABLE
2016-01-29,GLOBAL,1643.79,,metric_tonnes,World Gold Council,ETF_Flows_2026-08-04_1202.xlsx,2026-08-04,2026-08-30,2026-08-30T10:07:09Z,1.0.0,"{'is_revision': False, 'prior_value': None, 'revision_reason': None}",PASS,AVAILABLE
2016-02-29,GLOBAL,1851.77,,metric_tonnes,World Gold Council,ETF_Flows_2026-08-04_1202.xlsx,2026-08-04,2026-08-30,2026-08-30T10:07:09Z,1.0.0,"{'is_revision': False, 'prior_value': None, 'revision_reason': None}",FLAG,AVAILABLE
2016-03-31,GLOBAL,1931.99,,metric_tonnes,World Gold Council,ETF_Flows_2026-08-04_1202.xlsx,2026-08-04,2026-08-30,2026-08-30T10:07:09Z,1.0.0,"{'is_revision': False, 'prior_value': None, 'revision_reason': None}",PASS,AVAILABLE
2016-04-29,GLOBAL,1939.27,,metric_tonnes,World Gold Council,ETF_Flows_2026-08-04_1202.xlsx,2026-08-04,2026-08-30,2026-08-30T10:07:09Z,1.0.0,"{'is_revision': False, 'prior_value': None, 'revision_reason': None}",PASS,AVAILABLE
2016-05-31,GLOBAL,2036.6,,metric_tonnes,World Gold Council,ETF_Flows_2026-08-04_1202.xlsx,2026-08-04,2026-08-30,2026-08-30T10:07:09Z,1.0.0,"{'is_revision': False, 'prior_value': None, 'revision_reason': None}",FLAG,AVAILABLE
2016-06-30,GLOBAL,2169.12,,metric_tonnes,World Gold Council,ETF_Flows_2026-08-04_1202.xlsx,2026-08-04,2026-08-30,2026-08-30T10:07:09Z,1.0.0,"{'is_revision': False, 'prior_value': None, 'revision_reason': None}",FLAG,AVAILABLE
2016-07-29,GLOBAL,2249.42,,metric_tonnes,World Gold Council,ETF_Flows_2026-08-04_1202.xlsx,2026-08-04,2026-08-30,2026-08-30T10:07:09Z,1.0.0,"{'is_revision': False, 'prior_value': None, 'revision_reason': None}",PASS,AVAILABLE
2016-08-31,GLOBAL,2275.06,,metric_tonnes,World Gold Council,ETF_Flows_2026-08-04_1202.xlsx,2026-08-04,2026-08-30,2026-08-30T10:07:09Z,1.0.0,"{'is_revision': False, 'prior_value': None, 'revision_reason': None}",PASS,AVAILABLE
2016-09-30,GLOBAL,2316.38,,metric_tonnes,World Gold Council,ETF_Flows_2026-08-04_1202.xlsx,2026-08-04,2026-08-30,2026-08-30T10:07:09Z,1.0.0,"{'is_revision': False, 'prior_value': None, 'revision_reason': None}",PASS,AVAILABLE
2016-10-31,GLOBAL,2340.33,,metric_tonnes,World Gold Council,ETF_Flows_2026-08-04_1202.xlsx,2026-08-04,2026-08-30,2026-08-30T10:07:09Z,1.0.0,"{'is_revision': False, 'prior_value': None, 'revision_reason': None}",PASS,AVAILABLE
2016-11-30,GLOBAL,2224.14,,metric_tonnes,World Gold Council,ETF_Flows_2026-08-04_1202.xlsx,2026-08-04,2026-08-30,2026-08-30T10:07:09Z,1.0.0,"{'is_revision': False, 'prior_value': None, 'revision_reason': None}",PASS,AVAILABLE
2016-12-30,GLOBAL,2131.01,,metric_tonnes,World Gold Council,ETF_Flows_2026-08-04_1202.xlsx,2026-08-04,2026-08-30,2026-08-30T10:07:09Z,1.0.0,"{'is_revision': False, 'prior_value': None, 'revision_reason': None}",PASS,AVAILABLE
2017-01-31,GLOBAL,2149.79,,metric_tonnes,World Gold Council,ETF_Flows_2026-08-04_1202.xlsx,2026-08-04,2026-08-30,2026-08-30T10:07:09Z,1.0.0,"{'is_revision': False, 'prior_value': None, 'revision_reason': None}",PASS,AVAILABLE
2017-02-28,GLOBAL,2239.92,,metric_tonnes,World Gold Council,ETF_Flows_2026-08-04_1202.xlsx,2026-08-04,2026-08-30,2026-08-30T10:07:09Z,1.0.0,"{'is_revision': False, 'prior_value': None, 'revision_reason': None}",PASS,AVAILABLE
2017-03-31,GLOBAL,2240.66,,metric_tonnes,World Gold Council,ETF_Flows_2026-08-04_1202.xlsx,2026-08-04,2026-08-30,2026-08-30T10:07:09Z,1.0.0,"{'is_revision': False, 'prior_value': None, 'revision_reason': None}",PASS,AVAILABLE
2017-04-28,GLOBAL,2263.77,,metric_tonnes,World Gold Council,ETF_Flows_2026-08-04_1202.xlsx,2026-08-04,2026-08-30,2026-08-30T10:07:09Z,1.0.0,"{'is_revision': False, 'prior_value': None, 'revision_reason': None}",PASS,AVAILABLE
2017-05-31,GLOBAL,2275.05,,metric_tonnes,World Gold Council,ETF_Flows_2026-08-04_1202.xlsx,2026-08-04,2026-08-30,2026-08-30T10:07:09Z,1.0.0,"{'is_revision': False, 'prior_value': None, 'revision_reason': None}",PASS,AVAILABLE
2017-06-30,GLOBAL,2303.18,,metric_tonnes,World Gold Council,ETF_Flows_2026-08-04_1202.xlsx,2026-08-04,2026-08-30,2026-08-30T10:07:09Z,1.0.0,"{'is_revision': False, 'prior_value': None, 'revision_reason': None}",PASS,AVAILABLE
2017-07-31,GLOBAL,2253.46,,metric_tonnes,World Gold Council,ETF_Flows_2026-08-04_1202.xlsx,2026-08-04,2026-08-30,2026-08-30T10:07:09Z,1.0.0,"{'is_revision': False, 'prior_value': None, 'revision_reason': None}",PASS,AVAILABLE
2017-08-31,GLOBAL,2290.29,,metric_tonnes,World Gold Council,ETF_Flows_2026-08-04_1202.xlsx,2026-08-04,2026-08-30,2026-08-30T10:07:09Z,1.0.0,"{'is_revision': False, 'prior_value': None, 'revision_reason': None}",PASS,AVAILABLE
2017-09-29,GLOBAL,2335.45,,metric_tonnes,World Gold Council,ETF_Flows_2026-08-04_1202.xlsx,2026-08-04,2026-08-30,2026-08-30T10:07:09Z,1.0.0,"{'is_revision': False, 'prior_value': None, 'revision_reason': None}",PASS,AVAILABLE
2017-10-31,GLOBAL,2337.77,,metric_tonnes,World Gold Council,ETF_Flows_2026-08-04_1202.xlsx,2026-08-04,2026-08-30,2026-08-30T10:07:09Z,1.0.0,"{'is_revision': False, 'prior_value': None, 'revision_reason': None}",PASS,AVAILABLE
2017-11-30,GLOBAL,2352.41,,metric_tonnes,World Gold Council,ETF_Flows_2026-08-04_1202.xlsx,2026-08-04,2026-08-30,2026-08-30T10:07:09Z,1.0.0,"{'is_revision': False, 'prior_value': None, 'revision_reason': None}",PASS,AVAILABLE
2017-12-29,GLOBAL,2401.72,,metric_tonnes,World Gold Council,ETF_Flows_2026-08-04_1202.xlsx,2026-08-04,2026-08-30,2026-08-30T10:07:09Z,1.0.0,"{'is_revision': False, 'prior_value': None, 'revision_reason': None}",PASS,AVAILABLE
2018-01-31,GLOBAL,2432.09,,metric_tonnes,World Gold Council,ETF_Flows_2026-08-04_1202.xlsx,2026-08-04,2026-08-30,2026-08-30T10:07:09Z,1.0.0,"{'is_revision': False, 'prior_value': None, 'revision_reason': None}",PASS,AVAILABLE
2018-02-28,GLOBAL,2424.42,,metric_tonnes,World Gold Council,ETF_Flows_2026-08-04_1202.xlsx,2026-08-04,2026-08-30,2026-08-30T10:07:09Z,1.0.0,"{'is_revision': False, 'prior_value': None, 'revision_reason': None}",PASS,AVAILABLE
2018-03-30,GLOBAL,2430.93,,metric_tonnes,World Gold Council,ETF_Flows_2026-08-04_1202.xlsx,2026-08-04,2026-08-30,2026-08-30T10:07:09Z,1.0.0,"{'is_revision': False, 'prior_value': None, 'revision_reason': None}",PASS,AVAILABLE
2018-04-30,GLOBAL,2496.96,,metric_tonnes,World Gold Council,ETF_Flows_2026-08-04_1202.xlsx,2026-08-04,2026-08-30,2026-08-30T10:07:09Z,1.0.0,"{'is_revision': False, 'prior_value': None, 'revision_reason': None}",PASS,AVAILABLE
2018-05-31,GLOBAL,2512.53,,metric_tonnes,World Gold Council,ETF_Flows_2026-08-04_1202.xlsx,2026-08-04,2026-08-30,2026-08-30T10:07:09Z,1.0.0,"{'is_revision': False, 'prior_value': None, 'revision_reason': None}",PASS,AVAILABLE
2018-06-29,GLOBAL,2460.88,,metric_tonnes,World Gold Council,ETF_Flows_2026-08-04_1202.xlsx,2026-08-04,2026-08-30,2026-08-30T10:07:09Z,1.0.0,"{'is_revision': False, 'prior_value': None, 'revision_reason': None}",PASS,AVAILABLE
2018-07-31,GLOBAL,2421.81,,metric_tonnes,World Gold Council,ETF_Flows_2026-08-04_1202.xlsx,2026-08-04,2026-08-30,2026-08-30T10:07:09Z,1.0.0,"{'is_revision': False, 'prior_value': None, 'revision_reason': None}",PASS,AVAILABLE
2018-08-31,GLOBAL,2381.98,,metric_tonnes,World Gold Council,ETF_Flows_2026-08-04_1202.xlsx,2026-08-04,2026-08-30,2026-08-30T10:07:09Z,1.0.0,"{'is_revision': False, 'prior_value': None, 'revision_reason': None}",PASS,AVAILABLE
2018-09-28,GLOBAL,2356.57,,metric_tonnes,World Gold Council,ETF_Flows_2026-08-04_1202.xlsx,2026-08-04,2026-08-30,2026-08-30T10:07:09Z,1.0.0,"{'is_revision': False, 'prior_value': None, 'revision_reason': None}",PASS,AVAILABLE
2018-10-31,GLOBAL,2373.33,,metric_tonnes,World Gold Council,ETF_Flows_2026-08-04_1202.xlsx,2026-08-04,2026-08-30,2026-08-30T10:07:09Z,1.0.0,"{'is_revision': False, 'prior_value': None, 'revision_reason': None}",PASS,AVAILABLE
2018-11-30,GLOBAL,2393.05,,metric_tonnes,World Gold Council,ETF_Flows_2026-08-04_1202.xlsx,2026-08-04,2026-08-30,2026-08-30T10:07:09Z,1.0.0,"{'is_revision': False, 'prior_value': None, 'revision_reason': None}",PASS,AVAILABLE
2018-12-31,GLOBAL,2471.96,,metric_tonnes,World Gold Council,ETF_Flows_2026-08-04_1202.xlsx,2026-08-04,2026-08-30,2026-08-30T10:07:09Z,1.0.0,"{'is_revision': False, 'prior_value': None, 'revision_reason': None}",PASS,AVAILABLE
2019-01-31,GLOBAL,2549.18,,metric_tonnes,World Gold Council,ETF_Flows_2026-08-04_1202.xlsx,2026-08-04,2026-08-30,2026-08-30T10:07:09Z,1.0.0,"{'is_revision': False, 'prior_value': None, 'revision_reason': None}",PASS,AVAILABLE
2019-02-28,GLOBAL,2514.56,,metric_tonnes,World Gold Council,ETF_Flows_2026-08-04_1202.xlsx,2026-08-04,2026-08-30,2026-08-30T10:07:09Z,1.0.0,"{'is_revision': False, 'prior_value': None, 'revision_reason': None}",PASS,AVAILABLE
2019-03-29,GLOBAL,2514.9,,metric_tonnes,World Gold Council,ETF_Flows_2026-08-04_1202.xlsx,2026-08-04,2026-08-30,2026-08-30T10:07:09Z,1.0.0,"{'is_revision': False, 'prior_value': None, 'revision_reason': None}",PASS,AVAILABLE
2019-04-30,GLOBAL,2455.62,,metric_tonnes,World Gold Council,ETF_Flows_2026-08-04_1202.xlsx,2026-08-04,2026-08-30,2026-08-30T10:07:09Z,1.0.0,"{'is_revision': False, 'prior_value': None, 'revision_reason': None}",PASS,AVAILABLE
2019-05-31,GLOBAL,2455.13,,metric_tonnes,World Gold Council,ETF_Flows_2026-08-04_1202.xlsx,2026-08-04,2026-08-30,2026-08-30T10:07:09Z,1.0.0,"{'is_revision': False, 'prior_value': None, 'revision_reason': None}",PASS,AVAILABLE
2019-06-28,GLOBAL,2588.56,,metric_tonnes,World Gold Council,ETF_Flows_2026-08-04_1202.xlsx,2026-08-04,2026-08-30,2026-08-30T10:07:09Z,1.0.0,"{'is_revision': False, 'prior_value': None, 'revision_reason': None}",FLAG,AVAILABLE
2019-07-31,GLOBAL,2646.09,,metric_tonnes,World Gold Council,ETF_Flows_2026-08-04_1202.xlsx,2026-08-04,2026-08-30,2026-08-30T10:07:09Z,1.0.0,"{'is_revision': False, 'prior_value': None, 'revision_reason': None}",PASS,AVAILABLE
2019-08-30,GLOBAL,2773.84,,metric_tonnes,World Gold Council,ETF_Flows_2026-08-04_1202.xlsx,2026-08-04,2026-08-30,2026-08-30T10:07:09Z,1.0.0,"{'is_revision': False, 'prior_value': None, 'revision_reason': None}",PASS,AVAILABLE
2019-09-30,GLOBAL,2850.93,,metric_tonnes,World Gold Council,ETF_Flows_2026-08-04_1202.xlsx,2026-08-04,2026-08-30,2026-08-30T10:07:09Z,1.0.0,"{'is_revision': False, 'prior_value': None, 'revision_reason': None}",PASS,AVAILABLE
2019-10-31,GLOBAL,2892.78,,metric_tonnes,World Gold Council,ETF_Flows_2026-08-04_1202.xlsx,2026-08-04,2026-08-30,2026-08-30T10:07:09Z,1.0.0,"{'is_revision': False, 'prior_value': None, 'revision_reason': None}",PASS,AVAILABLE
2019-11-29,GLOBAL,2861.88,,metric_tonnes,World Gold Council,ETF_Flows_2026-08-04_1202.xlsx,2026-08-04,2026-08-30,2026-08-30T10:07:09Z,1.0.0,"{'is_revision': False, 'prior_value': None, 'revision_reason': None}",PASS,AVAILABLE
2019-12-31,GLOBAL,2875.57,,metric_tonnes,World Gold Council,ETF_Flows_2026-08-04_1202.xlsx,2026-08-04,2026-08-30,2026-08-30T10:07:09Z,1.0.0,"{'is_revision': False, 'prior_value': None, 'revision_reason': None}",PASS,AVAILABLE
2020-01-31,GLOBAL,2938.41,,metric_tonnes,World Gold Council,ETF_Flows_2026-08-04_1202.xlsx,2026-08-04,2026-08-30,2026-08-30T10:07:09Z,1.0.0,"{'is_revision': False, 'prior_value': None, 'revision_reason': None}",PASS,AVAILABLE
2020-02-28,GLOBAL,3024.61,,metric_tonnes,World Gold Council,ETF_Flows_2026-08-04_1202.xlsx,2026-08-04,2026-08-30,2026-08-30T10:07:09Z,1.0.0,"{'is_revision': False, 'prior_value': None, 'revision_reason': None}",PASS,AVAILABLE
2020-03-31,GLOBAL,3176.47,,metric_tonnes,World Gold Council,ETF_Flows_2026-08-04_1202.xlsx,2026-08-04,2026-08-30,2026-08-30T10:07:09Z,1.0.0,"{'is_revision': False, 'prior_value': None, 'revision_reason': None}",FLAG,AVAILABLE
2020-04-30,GLOBAL,3358.32,,metric_tonnes,World Gold Council,ETF_Flows_2026-08-04_1202.xlsx,2026-08-04,2026-08-30,2026-08-30T10:07:09Z,1.0.0,"{'is_revision': False, 'prior_value': None, 'revision_reason': None}",FLAG,AVAILABLE
2020-05-29,GLOBAL,3513.34,,metric_tonnes,World Gold Council,ETF_Flows_2026-08-04_1202.xlsx,2026-08-04,2026-08-30,2026-08-30T10:07:09Z,1.0.0,"{'is_revision': False, 'prior_value': None, 'revision_reason': None}",PASS,AVAILABLE
2020-06-30,GLOBAL,3609.58,,metric_tonnes,World Gold Council,ETF_Flows_2026-08-04_1202.xlsx,2026-08-04,2026-08-30,2026-08-30T10:07:09Z,1.0.0,"{'is_revision': False, 'prior_value': None, 'revision_reason': None}",PASS,AVAILABLE
2020-07-31,GLOBAL,3780.4,,metric_tonnes,World Gold Council,ETF_Flows_2026-08-04_1202.xlsx,2026-08-04,2026-08-30,2026-08-30T10:07:09Z,1.0.0,"{'is_revision': False, 'prior_value': None, 'revision_reason': None}",PASS,AVAILABLE
2020-08-31,GLOBAL,3818.43,,metric_tonnes,World Gold Council,ETF_Flows_2026-08-04_1202.xlsx,2026-08-04,2026-08-30,2026-08-30T10:07:09Z,1.0.0,"{'is_revision': False, 'prior_value': None, 'revision_reason': None}",PASS,AVAILABLE
2020-09-30,GLOBAL,3893.47,,metric_tonnes,World Gold Council,ETF_Flows_2026-08-04_1202.xlsx,2026-08-04,2026-08-30,2026-08-30T10:07:09Z,1.0.0,"{'is_revision': False, 'prior_value': None, 'revision_reason': None}",PASS,AVAILABLE
2020-10-30,GLOBAL,3915.09,,metric_tonnes,World Gold Council,ETF_Flows_2026-08-04_1202.xlsx,2026-08-04,2026-08-30,2026-08-30T10:07:09Z,1.0.0,"{'is_revision': False, 'prior_value': None, 'revision_reason': None}",PASS,AVAILABLE
2020-11-30,GLOBAL,3801.97,,metric_tonnes,World Gold Council,ETF_Flows_2026-08-04_1202.xlsx,2026-08-04,2026-08-30,2026-08-30T10:07:09Z,1.0.0,"{'is_revision': False, 'prior_value': None, 'revision_reason': None}",PASS,AVAILABLE
2020-12-31,GLOBAL,3768.12,,metric_tonnes,World Gold Council,ETF_Flows_2026-08-04_1202.xlsx,2026-08-04,2026-08-30,2026-08-30T10:07:09Z,1.0.0,"{'is_revision': False, 'prior_value': None, 'revision_reason': None}",PASS,AVAILABLE
2021-01-29,GLOBAL,3786.14,,metric_tonnes,World Gold Council,ETF_Flows_2026-08-04_1202.xlsx,2026-08-04,2026-08-30,2026-08-30T10:07:09Z,1.0.0,"{'is_revision': False, 'prior_value': None, 'revision_reason': None}",PASS,AVAILABLE
2021-02-26,GLOBAL,3704.5,,metric_tonnes,World Gold Council,ETF_Flows_2026-08-04_1202.xlsx,2026-08-04,2026-08-30,2026-08-30T10:07:09Z,1.0.0,"{'is_revision': False, 'prior_value': None, 'revision_reason': None}",PASS,AVAILABLE
2021-03-31,GLOBAL,3591.98,,metric_tonnes,World Gold Council,ETF_Flows_2026-08-04_1202.xlsx,2026-08-04,2026-08-30,2026-08-30T10:07:09Z,1.0.0,"{'is_revision': False, 'prior_value': None, 'revision_reason': None}",PASS,AVAILABLE
2021-04-30,GLOBAL,3575.99,,metric_tonnes,World Gold Council,ETF_Flows_2026-08-04_1202.xlsx,2026-08-04,2026-08-30,2026-08-30T10:07:09Z,1.0.0,"{'is_revision': False, 'prior_value': None, 'revision_reason': None}",PASS,AVAILABLE
2021-05-31,GLOBAL,3637.08,,metric_tonnes,World Gold Council,ETF_Flows_2026-08-04_1202.xlsx,2026-08-04,2026-08-30,2026-08-30T10:07:09Z,1.0.0,"{'is_revision': False, 'prior_value': None, 'revision_reason': None}",PASS,AVAILABLE
2021-06-30,GLOBAL,3632.72,,metric_tonnes,World Gold Council,ETF_Flows_2026-08-04_1202.xlsx,2026-08-04,2026-08-30,2026-08-30T10:07:09Z,1.0.0,"{'is_revision': False, 'prior_value': None, 'revision_reason': None}",PASS,AVAILABLE
2021-07-30,GLOBAL,3645.39,,metric_tonnes,World Gold Council,ETF_Flows_2026-08-04_1202.xlsx,2026-08-04,2026-08-30,2026-08-30T10:07:09Z,1.0.0,"{'is_revision': False, 'prior_value': None, 'revision_reason': None}",PASS,AVAILABLE
2021-08-31,GLOBAL,3621.34,,metric_tonnes,World Gold Council,ETF_Flows_2026-08-04_1202.xlsx,2026-08-04,2026-08-30,2026-08-30T10:07:09Z,1.0.0,"{'is_revision': False, 'prior_value': None, 'revision_reason': None}",PASS,AVAILABLE
2021-09-30,GLOBAL,3602.91,,metric_tonnes,World Gold Council,ETF_Flows_2026-08-04_1202.xlsx,2026-08-04,2026-08-30,2026-08-30T10:07:09Z,1.0.0,"{'is_revision': False, 'prior_value': None, 'revision_reason': None}",PASS,AVAILABLE
2021-10-29,GLOBAL,3578.02,,metric_tonnes,World Gold Council,ETF_Flows_2026-08-04_1202.xlsx,2026-08-04,2026-08-30,2026-08-30T10:07:09Z,1.0.0,"{'is_revision': False, 'prior_value': None, 'revision_reason': None}",PASS,AVAILABLE
2021-11-30,GLOBAL,3586.39,,metric_tonnes,World Gold Council,ETF_Flows_2026-08-04_1202.xlsx,2026-08-04,2026-08-30,2026-08-30T10:07:09Z,1.0.0,"{'is_revision': False, 'prior_value': None, 'revision_reason': None}",PASS,AVAILABLE
2021-12-31,GLOBAL,3579.5,,metric_tonnes,World Gold Council,ETF_Flows_2026-08-04_1202.xlsx,2026-08-04,2026-08-30,2026-08-30T10:07:09Z,1.0.0,"{'is_revision': False, 'prior_value': None, 'revision_reason': None}",PASS,AVAILABLE
2022-01-31,GLOBAL,3625.99,,metric_tonnes,World Gold Council,ETF_Flows_2026-08-04_1202.xlsx,2026-08-04,2026-08-30,2026-08-30T10:07:09Z,1.0.0,"{'is_revision': False, 'prior_value': None, 'revision_reason': None}",PASS,AVAILABLE
2022-02-28,GLOBAL,3666.48,,metric_tonnes,World Gold Council,ETF_Flows_2026-08-04_1202.xlsx,2026-08-04,2026-08-30,2026-08-30T10:07:09Z,1.0.0,"{'is_revision': False, 'prior_value': None, 'revision_reason': None}",PASS,AVAILABLE
2022-03-31,GLOBAL,3852.07,,metric_tonnes,World Gold Council,ETF_Flows_2026-08-04_1202.xlsx,2026-08-04,2026-08-30,2026-08-30T10:07:09Z,1.0.0,"{'is_revision': False, 'prior_value': None, 'revision_reason': None}",FLAG,AVAILABLE
2022-04-29,GLOBAL,3885.54,,metric_tonnes,World Gold Council,ETF_Flows_2026-08-04_1202.xlsx,2026-08-04,2026-08-30,2026-08-30T10:07:09Z,1.0.0,"{'is_revision': False, 'prior_value': None, 'revision_reason': None}",PASS,AVAILABLE
2022-05-31,GLOBAL,3836.03,,metric_tonnes,World Gold Council,ETF_Flows_2026-08-04_1202.xlsx,2026-08-04,2026-08-30,2026-08-30T10:07:09Z,1.0.0,"{'is_revision': False, 'prior_value': None, 'revision_reason': None}",PASS,AVAILABLE
2022-06-30,GLOBAL,3804.06,,metric_tonnes,World Gold Council,ETF_Flows_2026-08-04_1202.xlsx,2026-08-04,2026-08-30,2026-08-30T10:07:09Z,1.0.0,"{'is_revision': False, 'prior_value': None, 'revision_reason': None}",PASS,AVAILABLE
2022-07-29,GLOBAL,3721.2,,metric_tonnes,World Gold Council,ETF_Flows_2026-08-04_1202.xlsx,2026-08-04,2026-08-30,2026-08-30T10:07:09Z,1.0.0,"{'is_revision': False, 'prior_value': None, 'revision_reason': None}",PASS,AVAILABLE
2022-08-31,GLOBAL,3663.47,,metric_tonnes,World Gold Council,ETF_Flows_2026-08-04_1202.xlsx,2026-08-04,2026-08-30,2026-08-30T10:07:09Z,1.0.0,"{'is_revision': False, 'prior_value': None, 'revision_reason': None}",PASS,AVAILABLE
2022-09-30,GLOBAL,3560.34,,metric_tonnes,World Gold Council,ETF_Flows_2026-08-04_1202.xlsx,2026-08-04,2026-08-30,2026-08-30T10:07:09Z,1.0.0,"{'is_revision': False, 'prior_value': None, 'revision_reason': None}",PASS,AVAILABLE
2022-10-31,GLOBAL,3501.56,,metric_tonnes,World Gold Council,ETF_Flows_2026-08-04_1202.xlsx,2026-08-04,2026-08-30,2026-08-30T10:07:09Z,1.0.0,"{'is_revision': False, 'prior_value': None, 'revision_reason': None}",PASS,AVAILABLE
2022-11-30,GLOBAL,3475.72,,metric_tonnes,World Gold Council,ETF_Flows_2026-08-04_1202.xlsx,2026-08-04,2026-08-30,2026-08-30T10:07:09Z,1.0.0,"{'is_revision': False, 'prior_value': None, 'revision_reason': None}",PASS,AVAILABLE
2022-12-30,GLOBAL,3471.24,,metric_tonnes,World Gold Council,ETF_Flows_2026-08-04_1202.xlsx,2026-08-04,2026-08-30,2026-08-30T10:07:09Z,1.0.0,"{'is_revision': False, 'prior_value': None, 'revision_reason': None}",PASS,AVAILABLE
2023-01-31,GLOBAL,3444.86,,metric_tonnes,World Gold Council,ETF_Flows_2026-08-04_1202.xlsx,2026-08-04,2026-08-30,2026-08-30T10:07:09Z,1.0.0,"{'is_revision': False, 'prior_value': None, 'revision_reason': None}",PASS,AVAILABLE
2023-02-28,GLOBAL,3410.69,,metric_tonnes,World Gold Council,ETF_Flows_2026-08-04_1202.xlsx,2026-08-04,2026-08-30,2026-08-30T10:07:09Z,1.0.0,"{'is_revision': False, 'prior_value': None, 'revision_reason': None}",PASS,AVAILABLE
2023-03-31,GLOBAL,3442.78,,metric_tonnes,World Gold Council,ETF_Flows_2026-08-04_1202.xlsx,2026-08-04,2026-08-30,2026-08-30T10:07:09Z,1.0.0,"{'is_revision': False, 'prior_value': None, 'revision_reason': None}",PASS,AVAILABLE
2023-04-28,GLOBAL,3458.28,,metric_tonnes,World Gold Council,ETF_Flows_2026-08-04_1202.xlsx,2026-08-04,2026-08-30,2026-08-30T10:07:09Z,1.0.0,"{'is_revision': False, 'prior_value': None, 'revision_reason': None}",PASS,AVAILABLE
2023-05-31,GLOBAL,3477.73,,metric_tonnes,World Gold Council,ETF_Flows_2026-08-04_1202.xlsx,2026-08-04,2026-08-30,2026-08-30T10:07:09Z,1.0.0,"{'is_revision': False, 'prior_value': None, 'revision_reason': None}",PASS,AVAILABLE
2023-06-30,GLOBAL,3421.97,,metric_tonnes,World Gold Council,ETF_Flows_2026-08-04_1202.xlsx,2026-08-04,2026-08-30,2026-08-30T10:07:09Z,1.0.0,"{'is_revision': False, 'prior_value': None, 'revision_reason': None}",PASS,AVAILABLE
2023-07-31,GLOBAL,3387.37,,metric_tonnes,World Gold Council,ETF_Flows_2026-08-04_1202.xlsx,2026-08-04,2026-08-30,2026-08-30T10:07:09Z,1.0.0,"{'is_revision': False, 'prior_value': None, 'revision_reason': None}",PASS,AVAILABLE
2023-08-31,GLOBAL,3341.95,,metric_tonnes,World Gold Council,ETF_Flows_2026-08-04_1202.xlsx,2026-08-04,2026-08-30,2026-08-30T10:07:09Z,1.0.0,"{'is_revision': False, 'prior_value': None, 'revision_reason': None}",PASS,AVAILABLE
2023-09-29,GLOBAL,3284.23,,metric_tonnes,World Gold Council,ETF_Flows_2026-08-04_1202.xlsx,2026-08-04,2026-08-30,2026-08-30T10:07:09Z,1.0.0,"{'is_revision': False, 'prior_value': None, 'revision_reason': None}",PASS,AVAILABLE
2023-10-31,GLOBAL,3247.73,,metric_tonnes,World Gold Council,ETF_Flows_2026-08-04_1202.xlsx,2026-08-04,2026-08-30,2026-08-30T10:07:09Z,1.0.0,"{'is_revision': False, 'prior_value': None, 'revision_reason': None}",PASS,AVAILABLE
2023-11-30,GLOBAL,3238.59,,metric_tonnes,World Gold Council,ETF_Flows_2026-08-04_1202.xlsx,2026-08-04,2026-08-30,2026-08-30T10:07:09Z,1.0.0,"{'is_revision': False, 'prior_value': None, 'revision_reason': None}",PASS,AVAILABLE
2023-12-29,GLOBAL,3229.21,,metric_tonnes,World Gold Council,ETF_Flows_2026-08-04_1202.xlsx,2026-08-04,2026-08-30,2026-08-30T10:07:09Z,1.0.0,"{'is_revision': False, 'prior_value': None, 'revision_reason': None}",PASS,AVAILABLE
2024-01-31,GLOBAL,3178.48,,metric_tonnes,World Gold Council,ETF_Flows_2026-08-04_1202.xlsx,2026-08-04,2026-08-30,2026-08-30T10:07:09Z,1.0.0,"{'is_revision': False, 'prior_value': None, 'revision_reason': None}",PASS,AVAILABLE
2024-02-29,GLOBAL,3129.84,,metric_tonnes,World Gold Council,ETF_Flows_2026-08-04_1202.xlsx,2026-08-04,2026-08-30,2026-08-30T10:07:09Z,1.0.0,"{'is_revision': False, 'prior_value': None, 'revision_reason': None}",PASS,AVAILABLE
2024-03-29,GLOBAL,3116.62,,metric_tonnes,World Gold Council,ETF_Flows_2026-08-04_1202.xlsx,2026-08-04,2026-08-30,2026-08-30T10:07:09Z,1.0.0,"{'is_revision': False, 'prior_value': None, 'revision_reason': None}",PASS,AVAILABLE
2024-04-30,GLOBAL,3083.88,,metric_tonnes,World Gold Council,ETF_Flows_2026-08-04_1202.xlsx,2026-08-04,2026-08-30,2026-08-30T10:07:09Z,1.0.0,"{'is_revision': False, 'prior_value': None, 'revision_reason': None}",PASS,AVAILABLE
2024-05-31,GLOBAL,3092.24,,metric_tonnes,World Gold Council,ETF_Flows_2026-08-04_1202.xlsx,2026-08-04,2026-08-30,2026-08-30T10:07:09Z,1.0.0,"{'is_revision': False, 'prior_value': None, 'revision_reason': None}",PASS,AVAILABLE
2024-06-28,GLOBAL,3109.98,,metric_tonnes,World Gold Council,ETF_Flows_2026-08-04_1202.xlsx,2026-08-04,2026-08-30,2026-08-30T10:07:09Z,1.0.0,"{'is_revision': False, 'prior_value': None, 'revision_reason': None}",PASS,AVAILABLE
2024-07-31,GLOBAL,3158.04,,metric_tonnes,World Gold Council,ETF_Flows_2026-08-04_1202.xlsx,2026-08-04,2026-08-30,2026-08-30T10:07:09Z,1.0.0,"{'is_revision': False, 'prior_value': None, 'revision_reason': None}",PASS,AVAILABLE
2024-08-30,GLOBAL,3187.08,,metric_tonnes,World Gold Council,ETF_Flows_2026-08-04_1202.xlsx,2026-08-04,2026-08-30,2026-08-30T10:07:09Z,1.0.0,"{'is_revision': False, 'prior_value': None, 'revision_reason': None}",PASS,AVAILABLE
2024-09-30,GLOBAL,3205.79,,metric_tonnes,World Gold Council,ETF_Flows_2026-08-04_1202.xlsx,2026-08-04,2026-08-30,2026-08-30T10:07:09Z,1.0.0,"{'is_revision': False, 'prior_value': None, 'revision_reason': None}",PASS,AVAILABLE
2024-10-31,GLOBAL,3249.87,,metric_tonnes,World Gold Council,ETF_Flows_2026-08-04_1202.xlsx,2026-08-04,2026-08-30,2026-08-30T10:07:09Z,1.0.0,"{'is_revision': False, 'prior_value': None, 'revision_reason': None}",PASS,AVAILABLE
2024-11-29,GLOBAL,3221.91,,metric_tonnes,World Gold Council,ETF_Flows_2026-08-04_1202.xlsx,2026-08-04,2026-08-30,2026-08-30T10:07:09Z,1.0.0,"{'is_revision': False, 'prior_value': None, 'revision_reason': None}",PASS,AVAILABLE
2024-12-31,GLOBAL,3226.09,,metric_tonnes,World Gold Council,ETF_Flows_2026-08-04_1202.xlsx,2026-08-04,2026-08-30,2026-08-30T10:07:09Z,1.0.0,"{'is_revision': False, 'prior_value': None, 'revision_reason': None}",PASS,AVAILABLE
2025-01-31,GLOBAL,3261.78,,metric_tonnes,World Gold Council,ETF_Flows_2026-08-04_1202.xlsx,2026-08-04,2026-08-30,2026-08-30T10:07:09Z,1.0.0,"{'is_revision': False, 'prior_value': None, 'revision_reason': None}",PASS,AVAILABLE
2025-02-28,GLOBAL,3363.69,,metric_tonnes,World Gold Council,ETF_Flows_2026-08-04_1202.xlsx,2026-08-04,2026-08-30,2026-08-30T10:07:09Z,1.0.0,"{'is_revision': False, 'prior_value': None, 'revision_reason': None}",PASS,AVAILABLE
2025-03-31,GLOBAL,3456.85,,metric_tonnes,World Gold Council,ETF_Flows_2026-08-04_1202.xlsx,2026-08-04,2026-08-30,2026-08-30T10:07:09Z,1.0.0,"{'is_revision': False, 'prior_value': None, 'revision_reason': None}",PASS,AVAILABLE
2025-04-30,GLOBAL,3572.2,,metric_tonnes,World Gold Council,ETF_Flows_2026-08-04_1202.xlsx,2026-08-04,2026-08-30,2026-08-30T10:07:09Z,1.0.0,"{'is_revision': False, 'prior_value': None, 'revision_reason': None}",PASS,AVAILABLE
2025-05-30,GLOBAL,3553.22,,metric_tonnes,World Gold Council,ETF_Flows_2026-08-04_1202.xlsx,2026-08-04,2026-08-30,2026-08-30T10:07:09Z,1.0.0,"{'is_revision': False, 'prior_value': None, 'revision_reason': None}",PASS,AVAILABLE
2025-06-30,GLOBAL,3627.99,,metric_tonnes,World Gold Council,ETF_Flows_2026-08-04_1202.xlsx,2026-08-04,2026-08-30,2026-08-30T10:07:09Z,1.0.0,"{'is_revision': False, 'prior_value': None, 'revision_reason': None}",PASS,AVAILABLE
2025-07-31,GLOBAL,3650.57,,metric_tonnes,World Gold Council,ETF_Flows_2026-08-04_1202.xlsx,2026-08-04,2026-08-30,2026-08-30T10:07:09Z,1.0.0,"{'is_revision': False, 'prior_value': None, 'revision_reason': None}",PASS,AVAILABLE
2025-08-29,GLOBAL,3704.55,,metric_tonnes,World Gold Council,ETF_Flows_2026-08-04_1202.xlsx,2026-08-04,2026-08-30,2026-08-30T10:07:09Z,1.0.0,"{'is_revision': False, 'prior_value': None, 'revision_reason': None}",PASS,AVAILABLE
2025-09-30,GLOBAL,3853.67,,metric_tonnes,World Gold Council,ETF_Flows_2026-08-04_1202.xlsx,2026-08-04,2026-08-30,2026-08-30T10:07:09Z,1.0.0,"{'is_revision': False, 'prior_value': None, 'revision_reason': None}",PASS,AVAILABLE
2025-10-31,GLOBAL,3911.21,,metric_tonnes,World Gold Council,ETF_Flows_2026-08-04_1202.xlsx,2026-08-04,2026-08-30,2026-08-30T10:07:09Z,1.0.0,"{'is_revision': False, 'prior_value': None, 'revision_reason': None}",PASS,AVAILABLE
2025-11-28,GLOBAL,3952.68,,metric_tonnes,World Gold Council,ETF_Flows_2026-08-04_1202.xlsx,2026-08-04,2026-08-30,2026-08-30T10:07:09Z,1.0.0,"{'is_revision': False, 'prior_value': None, 'revision_reason': None}",PASS,AVAILABLE
2025-12-31,GLOBAL,4029.41,,metric_tonnes,World Gold Council,ETF_Flows_2026-08-04_1202.xlsx,2026-08-04,2026-08-30,2026-08-30T10:07:09Z,1.0.0,"{'is_revision': False, 'prior_value': None, 'revision_reason': None}",PASS,AVAILABLE
2026-01-30,GLOBAL,4149.88,,metric_tonnes,World Gold Council,ETF_Flows_2026-08-04_1202.xlsx,2026-08-04,2026-08-30,2026-08-30T10:07:09Z,1.0.0,"{'is_revision': False, 'prior_value': None, 'revision_reason': None}",PASS,AVAILABLE
2026-02-27,GLOBAL,4176.11,,metric_tonnes,World Gold Council,ETF_Flows_2026-08-04_1202.xlsx,2026-08-04,2026-08-30,2026-08-30T10:07:09Z,1.0.0,"{'is_revision': False, 'prior_value': None, 'revision_reason': None}",PASS,AVAILABLE
2026-03-31,GLOBAL,4091.84,,metric_tonnes,World Gold Council,ETF_Flows_2026-08-04_1202.xlsx,2026-08-04,2026-08-30,2026-08-30T10:07:09Z,1.0.0,"{'is_revision': False, 'prior_value': None, 'revision_reason': None}",PASS,AVAILABLE
2026-04-30,GLOBAL,4137.03,,metric_tonnes,World Gold Council,ETF_Flows_2026-08-04_1202.xlsx,2026-08-04,2026-08-30,2026-08-30T10:07:09Z,1.0.0,"{'is_revision': False, 'prior_value': None, 'revision_reason': None}",PASS,AVAILABLE
2026-05-29,GLOBAL,4121.27,,metric_tonnes,World Gold Council,ETF_Flows_2026-08-04_1202.xlsx,2026-08-04,2026-08-30,2026-08-30T10:07:09Z,1.0.0,"{'is_revision': False, 'prior_value': None, 'revision_reason': None}",PASS,AVAILABLE
2026-06-30,GLOBAL,4044.5,,metric_tonnes,World Gold Council,ETF_Flows_2026-08-04_1202.xlsx,2026-08-04,2026-08-30,2026-08-30T10:07:09Z,1.0.0,"{'is_revision': False, 'prior_value': None, 'revision_reason': None}",PASS,AVAILABLE
2026-07-31,GLOBAL,4067.97,,metric_tonnes,World Gold Council,ETF_Flows_2026-08-04_1202.xlsx,2026-08-04,2026-08-30,2026-08-30T10:07:09Z,1.0.0,"{'is_revision': False, 'prior_value': None, 'revision_reason': None}",PASS,AVAILABLE
