observation_date,sofr3m_percent
2018-07-02,1.778860000000000108
2018-07-03,1.781199999999999894
2018-07-05,1.786890000000000089
2018-07-06,1.789349999999999996
2018-07-09,1.795369999999999910
2018-07-10,1.796939999999999982
2018-07-11,1.798389999999999933
2018-07-12,1.800170000000000048
2018-07-13,1.802179999999999893
2018-07-16,1.807649999999999979
2018-07-17,1.809770000000000101
2018-07-18,1.811669999999999892
2018-07-19,1.813560000000000061
2018-07-20,1.815579999999999972
2018-07-23,1.821150000000000047
2018-07-24,1.822940000000000005
2018-07-25,1.825059999999999905
2018-07-26,1.826729999999999965
2018-07-27,1.828750000000000098
2018-07-30,1.833539999999999948
2018-07-31,1.834880000000000067
2018-08-01,1.836889999999999912
2018-08-02,1.838449999999999918
2018-08-03,1.840580000000000105
2018-08-06,1.845369999999999955
2018-08-07,1.846940000000000026
2018-08-08,1.848610000000000086
2018-08-09,1.850279999999999925
2018-08-10,1.852300000000000058
2018-08-13,1.857760000000000078
2018-08-14,1.859099999999999975
2018-08-15,1.861110000000000042
2018-08-16,1.863790000000000058
2018-08-17,1.866689999999999960
2018-08-20,1.872829999999999995
2018-08-21,1.875620000000000065
2018-08-22,1.878190000000000026
2018-08-23,1.879979999999999984
2018-08-24,1.882319999999999993
2018-08-27,1.889690000000000092
2018-08-28,1.892260000000000053
2018-08-29,1.894819999999999949
2018-08-30,1.896160000000000068
2018-08-31,1.897510000000000030
2018-09-04,1.905419999999999892
2018-09-05,1.907880000000000020
2018-09-06,1.910560000000000036
2018-09-07,1.913350000000000106
2018-09-10,1.921720000000000095
2018-09-11,1.924739999999999895
2018-09-12,1.927310000000000079
2018-09-13,1.927750000000000075
2018-09-14,1.928090000000000082
2018-09-17,1.929540000000000033
2018-09-18,1.930879999999999930
2018-09-19,1.931659999999999933
2018-09-20,1.932220000000000049
2018-09-21,1.932220000000000049
2018-09-24,1.932330000000000103
2018-09-25,1.932889999999999997
2018-09-26,1.933219999999999938
2018-09-27,1.933110000000000106
2018-09-28,1.933559999999999945
2018-10-01,1.938800000000000079
2018-10-02,1.941259999999999986
2018-10-03,1.943489999999999940
2018-10-04,1.946059999999999901
2018-10-05,1.948860000000000037
2018-10-09,1.960010000000000030
2018-10-10,1.962919999999999998
2018-10-11,1.965710000000000068
2018-10-12,1.968720000000000026
2018-10-15,1.977540000000000076
2018-10-16,1.980779999999999985
2018-10-17,1.983899999999999997
2018-10-18,1.987030000000000074
2018-10-19,1.990490000000000093
2018-10-22,2.000989999999999824
2018-10-23,2.004109999999999836
2018-10-24,2.007460000000000022
2018-10-25,2.010590000000000099
2018-10-26,2.014050000000000118
2018-10-29,2.024439999999999795
2018-10-30,2.027229999999999865
2018-10-31,2.030580000000000052
2018-11-01,2.034040000000000070
2018-11-02,2.038060000000000205
2018-11-05,2.051120000000000054
2018-11-06,2.055260000000000087
2018-11-07,2.059050000000000047
2018-11-08,2.062069999999999848
2018-11-09,2.065529999999999866
2018-11-13,2.078479999999999883
2018-11-14,2.080940000000000012
2018-11-15,2.083279999999999799
2018-11-16,2.087530000000000108
2018-11-19,2.099590000000000067
2018-11-20,2.103380000000000027
2018-11-21,2.106730000000000214
2018-11-23,2.111979999999999968
2018-11-26,2.121360000000000134
2018-11-27,2.124159999999999826
2018-11-28,2.127060000000000173
2018-11-29,2.129960000000000075
2018-11-30,2.132979999999999876
2018-12-03,2.143369999999999997
2018-12-04,2.146500000000000075
2018-12-06,2.153760000000000119
2018-12-07,2.158230000000000093
2018-12-10,2.170290000000000052
2018-12-11,2.173420000000000130
2018-12-12,2.176210000000000200
2018-12-13,2.179110000000000102
2018-12-14,2.182020000000000071
2018-12-17,2.190170000000000172
2018-12-18,2.194300000000000139
2018-12-19,2.198770000000000113
2018-12-20,2.203019999999999978
2018-12-21,2.208489999999999842
2018-12-24,2.224239999999999995
2018-12-26,2.235079999999999956
2018-12-27,2.238210000000000033
2018-12-28,2.240330000000000155
2018-12-31,2.247700000000000031
2019-01-02,2.265579999999999927
2019-01-03,2.276409999999999823
2019-01-04,2.282449999999999868
2019-01-07,2.292170000000000041
2019-01-08,2.295080000000000009
2019-01-09,2.298099999999999810
2019-01-10,2.301219999999999821
2019-01-11,2.304019999999999957
2019-01-14,2.311389999999999834
2019-01-15,2.313849999999999962
2019-01-16,2.316980000000000040
2019-01-17,2.319659999999999833
2019-01-18,2.322119999999999962
2019-01-22,2.332730000000000192
2019-01-23,2.335300000000000153
2019-01-24,2.337650000000000006
2019-01-25,2.340110000000000134
2019-01-28,2.347259999999999902
2019-01-29,2.349600000000000133
2019-01-30,2.351609999999999978
2019-01-31,2.353509999999999991
2019-02-01,2.357209999999999805
2019-02-04,2.364689999999999959
2019-02-05,2.366699999999999804
2019-02-06,2.369159999999999933
2019-02-07,2.371059999999999945
2019-02-08,2.373079999999999856
2019-02-11,2.378779999999999895
2019-02-12,2.381009999999999849
2019-02-13,2.383129999999999971
2019-02-14,2.384250000000000203
2019-02-15,2.385709999999999997
2019-02-19,2.394190000000000040
2019-02-20,2.396650000000000169
2019-02-21,2.399000000000000021
2019-02-22,2.400790000000000202
2019-02-25,2.406820000000000181
2019-02-26,2.408949999999999925
2019-02-27,2.411070000000000046
2019-02-28,2.412520000000000220
2019-03-01,2.415880000000000027
2019-03-04,2.419789999999999885
2019-03-05,2.421019999999999950
2019-03-06,2.422250000000000014
2019-03-07,2.422699999999999854
2019-03-08,2.423589999999999911
2019-03-11,2.427500000000000213
2019-03-12,2.429629999999999956
2019-03-13,2.431750000000000078
2019-03-14,2.433870000000000200
2019-03-15,2.436230000000000118
2019-03-18,2.443490000000000162
2019-03-19,2.444490000000000052
2019-03-20,2.445829999999999949
2019-03-21,2.446499999999999897
2019-03-22,2.446959999999999802
2019-03-25,2.446839999999999904
2019-03-26,2.446730000000000071
2019-03-27,2.446279999999999788
2019-03-28,2.445840000000000014
2019-03-29,2.445500000000000007
2019-04-01,2.445840000000000014
2019-04-02,2.439799999999999969
2019-04-03,2.432090000000000085
2019-04-04,2.429520000000000124
2019-04-05,2.429629999999999956
2019-04-08,2.430410000000000181
2019-04-09,2.430860000000000021
2019-04-10,2.430860000000000021
2019-04-11,2.431080000000000130
2019-04-12,2.431420000000000137
2019-04-15,2.432539999999999925
2019-04-16,2.432650000000000201
2019-04-17,2.433089999999999975
2019-04-18,2.434099999999999930
2019-04-22,2.437679999999999847
2019-04-23,2.438239999999999963
2019-04-24,2.438909999999999911
2019-04-25,2.439239999999999853
2019-04-26,2.439799999999999969
2019-04-29,2.441920000000000091
2019-04-30,2.442820000000000213
2019-05-01,2.446950000000000180
2019-05-02,2.446509999999999962
2019-05-03,2.446849999999999969
2019-05-06,2.446279999999999788
2019-05-07,2.446509999999999962
2019-05-08,2.447179999999999911
2019-05-09,2.447740000000000027
2019-05-10,2.448189999999999866
2019-05-13,2.448859999999999815
2019-05-14,2.448739999999999917
2019-05-15,2.448859999999999815
2019-05-16,2.449860000000000149
2019-05-17,2.449870000000000214
2019-05-20,2.449530000000000207
2019-05-21,2.449419999999999931
2019-05-22,2.449310000000000098
2019-05-23,2.449079999999999924
2019-05-24,2.448749999999999982
2019-05-28,2.447849999999999859
2019-05-29,2.448300000000000143
2019-05-30,2.446279999999999788
2019-05-31,2.446509999999999962
2019-06-03,2.450200000000000156
2019-06-04,2.450419999999999821
2019-06-05,2.450530000000000097
2019-06-06,2.450759999999999827
2019-06-07,2.450870000000000104
2019-06-10,2.450979999999999936
2019-06-11,2.450979999999999936
2019-06-12,2.450759999999999827
2019-06-13,2.450200000000000156
2019-06-14,2.448970000000000091
2019-06-17,2.445840000000000014
2019-06-18,2.445730000000000182
2019-06-19,2.444830000000000059
2019-06-20,2.443940000000000001
2019-06-21,2.443490000000000162
2019-06-24,2.442480000000000206
2019-06-25,2.442369999999999930
2019-06-26,2.442480000000000206
2019-06-27,2.442480000000000206
2019-06-28,2.439919999999999867
2019-07-01,2.437009999999999899
2019-07-02,2.436560000000000059
2019-07-03,2.437009999999999899
2019-07-05,2.439239999999999853
2019-07-08,2.443599999999999994
2019-07-09,2.443940000000000001
2019-07-10,2.443940000000000001
2019-07-11,2.444160000000000110
2019-07-12,2.443830000000000169
2019-07-15,2.440809999999999924
2019-07-16,2.440690000000000026
2019-07-17,2.440360000000000085
2019-07-18,2.440030000000000143
2019-07-19,2.439589999999999925
2019-07-22,2.437009999999999899
2019-07-23,2.436339999999999950
2019-07-24,2.435890000000000111
2019-07-25,2.435449999999999893
2019-07-26,2.435000000000000053
2019-07-29,2.433100000000000041
2019-07-30,2.429079999999999906
2019-07-31,2.427400000000000002
2019-08-01,2.427960000000000118
2019-08-02,2.425279999999999880
2019-08-05,2.417339999999999822
2019-08-06,2.413870000000000182
2019-08-07,2.410299999999999887
2019-08-08,2.406829999999999803
2019-08-09,2.403369999999999784
2019-08-12,2.393870000000000164
2019-08-13,2.390849999999999920
2019-08-14,2.387270000000000003
2019-08-15,2.383919999999999817
2019-08-16,2.381240000000000023
2019-08-19,2.371849999999999792
2019-08-20,2.368829999999999991
2019-08-21,2.366150000000000198
2019-08-22,2.363129999999999953
2019-08-23,2.360009999999999941
2019-08-26,2.350960000000000161
2019-08-27,2.347490000000000077
2019-08-28,2.344700000000000006
2019-08-29,2.341569999999999929
2019-08-30,2.337439999999999962
2019-09-03,2.324809999999999821
2019-09-04,2.322239999999999860
2019-09-05,2.320110000000000117
2019-09-06,2.318099999999999827
2019-09-09,2.310060000000000002
2019-09-10,2.307150000000000034
2019-09-11,2.304580000000000073
2019-09-12,2.302350000000000119
2019-09-13,2.300670000000000215
2019-09-16,2.294970000000000176
2019-09-17,2.295420000000000016
2019-09-18,2.327710000000000168
2019-09-19,2.329839999999999911
2019-09-20,2.325149999999999828
2019-09-23,2.307819999999999983
2019-09-24,2.301559999999999828
2019-09-25,2.296310000000000073
2019-09-26,2.291729999999999823
2019-09-27,2.284469999999999779
2019-09-30,2.262570000000000192
2019-10-01,2.260780000000000012
2019-10-02,2.253190000000000026
2019-10-03,2.245249999999999968
2019-10-04,2.236880000000000202
2019-10-07,2.212299999999999933
2019-10-08,2.205369999999999830
2019-10-09,2.198560000000000070
2019-10-10,2.192299999999999915
2019-10-11,2.186609999999999943
2019-10-15,2.161470000000000002
2019-10-16,2.156219999999999803
2019-10-17,2.151639999999999997
2019-10-18,2.146500000000000075
2019-10-21,2.128859999999999975
2019-10-22,2.122819999999999929
2019-10-23,2.116789999999999949
2019-10-24,2.110650000000000137
2019-10-25,2.104509999999999881
2019-10-28,2.085519999999999818
2019-10-29,2.079159999999999897
2019-10-30,2.070889999999999898
2019-10-31,2.066759999999999931
2019-11-01,2.061960000000000015
2019-11-04,2.042190000000000172
2019-11-05,2.036049999999999915
2019-11-06,2.030240000000000045
2019-11-07,2.024439999999999795
2019-11-08,2.018299999999999983
2019-11-12,1.993060000000000054
2019-11-13,1.986809999999999965
2019-11-14,1.979999999999999982
2019-11-15,1.973859999999999948
2019-11-18,1.955989999999999895
2019-11-19,1.949629999999999974
2019-11-20,1.943710000000000049
2019-11-21,1.937910000000000021
2019-11-22,1.932099999999999929
2019-11-25,1.914690000000000003
2019-11-26,1.908099999999999907
2019-11-27,1.901620000000000088
2019-11-29,1.888460000000000027
2019-12-02,1.871380000000000043
2019-12-03,1.865350000000000064
2019-12-04,1.857979999999999965
2019-12-05,1.850510000000000099
2019-12-06,1.843809999999999949
2019-12-09,1.824049999999999949
2019-12-10,1.817579999999999973
2019-12-11,1.810880000000000045
2019-12-12,1.803520000000000012
2019-12-13,1.796040000000000081
2019-12-16,1.771379999999999955
2019-12-17,1.730869999999999909
2019-12-18,1.719600000000000017
2019-12-19,1.714920000000000000
2019-12-20,1.711240000000000094
2019-12-23,1.700299999999999923
2019-12-24,1.695389999999999953
2019-12-26,1.686239999999999961
2019-12-27,1.682900000000000063
2019-12-30,1.667280000000000095
2019-12-31,1.663480000000000070
2020-01-02,1.656900000000000039
2020-01-03,1.653780000000000028
2020-01-06,1.644630000000000036
2020-01-07,1.641280000000000072
2020-01-08,1.638050000000000006
2020-01-09,1.634700000000000042
2020-01-10,1.631350000000000078
2020-01-13,1.621320000000000094
2020-01-14,1.616179999999999950
2020-01-15,1.610610000000000097
2020-01-16,1.606260000000000021
2020-01-17,1.602579999999999893
2020-01-21,1.587739999999999929
2020-01-22,1.584060000000000024
2020-01-23,1.580489999999999950
2020-01-24,1.577139999999999986
2020-01-27,1.566990000000000105
2020-01-28,1.563870000000000093
2020-01-29,1.560629999999999962
2020-01-30,1.558070000000000066
2020-01-31,1.558070000000000066
2020-02-03,1.558959999999999901
2020-02-04,1.559069999999999956
2020-02-05,1.559409999999999963
2020-02-06,1.559739999999999904
2020-02-07,1.560079999999999911
2020-02-10,1.560750000000000082
2020-02-11,1.560859999999999914
2020-02-12,1.560969999999999969
2020-02-13,1.560859999999999914
2020-02-14,1.560640000000000027
2020-02-18,1.560740000000000016
2020-02-19,1.561080000000000023
2020-02-20,1.561190000000000078
2020-02-21,1.561420000000000030
2020-02-24,1.561639999999999917
2020-02-25,1.562079999999999913
2020-02-26,1.562529999999999974
2020-02-27,1.562859999999999916
2020-02-28,1.562089999999999979
2020-03-02,1.560629999999999962
2020-03-03,1.561080000000000023
2020-03-04,1.562200000000000033
2020-03-05,1.558629999999999960
2020-03-06,1.553829999999999822
2020-03-09,1.538659999999999917
2020-03-10,1.533529999999999838
2020-03-11,1.528739999999999988
2020-03-12,1.524499999999999966
2020-03-13,1.520710000000000006
2020-03-16,1.505090000000000039
2020-03-17,1.490820000000000034
2020-03-18,1.479780000000000095
2020-03-19,1.463829999999999965
2020-03-20,1.447440000000000060
2020-03-23,1.397710000000000008
2020-03-24,1.380989999999999940
2020-03-25,1.364149999999999974
2020-03-26,1.347320000000000073
2020-03-27,1.330370000000000053
2020-03-30,1.279429999999999845
2020-03-31,1.262270000000000003
2020-04-01,1.245100000000000096
2020-04-02,1.228050000000000086
2020-04-03,1.210890000000000022
2020-04-06,1.159410000000000052
2020-04-07,1.142130000000000090
2020-04-08,1.124980000000000091
2020-04-09,1.107820000000000027
2020-04-13,1.039299999999999891
2020-04-14,1.022259999999999946
2020-04-15,1.005549999999999944
2020-04-16,0.988620000000000054
2020-04-17,0.971799999999999997
2020-04-20,0.921359999999999957
2020-04-21,0.904429999999999956
2020-04-22,0.887390000000000012
2020-04-23,0.870349999999999957
2020-04-24,0.853429999999999911
2020-04-27,0.803329999999999989
2020-04-28,0.786630000000000051
2020-04-29,0.769710000000000005
2020-04-30,0.752230000000000065
2020-05-01,0.734870000000000023
2020-05-04,0.682549999999999990
2020-05-05,0.665300000000000002
2020-05-06,0.648160000000000069
2020-05-07,0.631029999999999980
2020-05-08,0.613999999999999990
2020-05-11,0.563259999999999983
2020-05-12,0.546350000000000002
2020-05-13,0.529549999999999965
2020-05-14,0.512530000000000041
2020-05-15,0.495180000000000009
2020-05-18,0.444119999999999904
2020-05-19,0.426769999999999983
2020-05-20,0.409530000000000005
2020-05-21,0.391840000000000022
2020-05-22,0.374500000000000000
2020-05-26,0.305879999999999985
2020-05-27,0.288980000000000015
2020-05-28,0.272079999999999989
2020-05-29,0.254959999999999909
2020-06-01,0.203710000000000002
2020-06-02,0.186150000000000010
2020-06-03,0.173259999999999997
2020-06-04,0.161470000000000002
2020-06-05,0.150019999999999987
2020-06-08,0.115790000000000004
2020-06-09,0.104229999999999906
2020-06-10,0.092339999999999894
2020-06-11,0.079779999999999907
2020-06-12,0.068449999999999997
2020-06-15,0.043779999999999999
2020-06-16,0.038780000000000002
2020-06-17,0.038669999999999899
2020-06-18,0.039000000000000000
2020-06-19,0.039559999999999998
2020-06-22,0.041450000000000001
2020-06-23,0.042220000000000001
2020-06-24,0.042889999999999998
2020-06-25,0.043670000000000000
2020-06-26,0.044560000000000002
2020-06-29,0.046890000000000001
2020-06-30,0.047669999999999997
2020-07-01,0.048669999999999998
2020-07-02,0.049779999999999998
2020-07-06,0.054229999999999903
2020-07-07,0.055229999999999897
2020-07-08,0.056229999999999898
2020-07-09,0.057229999999999899
2020-07-10,0.058229999999999997
2020-07-13,0.061120000000000001
2020-07-14,0.061559999999999997
2020-07-15,0.062449999999999999
2020-07-16,0.063560000000000005
2020-07-17,0.064560000000000006
2020-07-20,0.067669999999999994
2020-07-21,0.068889999999999896
2020-07-22,0.070010000000000003
2020-07-23,0.071010000000000004
2020-07-24,0.071779999999999997
2020-07-27,0.074120000000000005
2020-07-28,0.075120000000000006
2020-07-29,0.076119999999999993
2020-07-30,0.076670000000000002
2020-07-31,0.077450000000000005
2020-08-03,0.079560000000000006
2020-08-04,0.080119999999999997
2020-08-05,0.080560000000000007
2020-08-06,0.081009999999999999
2020-08-07,0.081339999999999996
2020-08-10,0.082339999999999997
2020-08-11,0.082679999999999906
2020-08-12,0.083339999999999997
2020-08-13,0.084120000000000000
2020-08-14,0.084559999999999996
2020-08-17,0.086010000000000003
2020-08-18,0.086679999999999993
2020-08-19,0.087559999999999999
2020-08-20,0.088340000000000002
2020-08-21,0.088679999999999995
2020-08-24,0.089679999999999996
2020-08-25,0.089899999999999994
2020-08-26,0.090120000000000006
2020-08-27,0.090229999999999894
2020-08-28,0.090340000000000004
2020-08-31,0.090679999999999997
2020-09-01,0.090899999999999995
2020-09-02,0.091229999999999895
2020-09-03,0.091450000000000004
2020-09-04,0.091789999999999997
2020-09-08,0.092570000000000000
2020-09-09,0.092789999999999997
2020-09-10,0.092899999999999996
2020-09-11,0.093009999999999995
2020-09-14,0.093229999999999993
2020-09-15,0.093229999999999993
2020-09-16,0.093339999999999895
2020-09-17,0.093460000000000001
2020-09-18,0.093570000000000000
2020-09-21,0.093679999999999999
2020-09-22,0.093789999999999998
2020-09-23,0.093679999999999999
2020-09-24,0.093339999999999895
2020-09-25,0.093229999999999993
2020-09-28,0.093229999999999993
2020-09-29,0.093009999999999995
2020-09-30,0.092570000000000000
2020-10-01,0.092229999999999895
2020-10-02,0.091899999999999996
2020-10-05,0.091679999999999998
2020-10-06,0.091569999999999999
2020-10-07,0.091569999999999999
2020-10-08,0.091450000000000004
2020-10-09,0.091229999999999895
2020-10-13,0.090679999999999997
2020-10-14,0.090229999999999894
2020-10-15,0.089899999999999994
2020-10-16,0.089679999999999996
2020-10-19,0.088679999999999995
2020-10-20,0.088450000000000001
2020-10-21,0.088229999999999906
2020-10-22,0.087900000000000006
2020-10-23,0.087559999999999999
2020-10-26,0.086900000000000005
2020-10-27,0.086789999999999895
2020-10-28,0.086789999999999895
2020-10-29,0.086559999999999998
2020-10-30,0.086449999999999999
2020-11-02,0.086120000000000002
2020-11-03,0.086340000000000000
2020-11-04,0.086449999999999999
2020-11-05,0.086559999999999998
2020-11-06,0.086789999999999895
2020-11-09,0.087120000000000003
2020-11-10,0.087120000000000003
2020-11-12,0.087340000000000001
2020-11-13,0.087340000000000001
2020-11-16,0.087230000000000002
2020-11-17,0.087340000000000001
2020-11-18,0.087340000000000001
2020-11-19,0.087340000000000001
2020-11-20,0.087230000000000002
2020-11-23,0.086449999999999999
2020-11-24,0.086120000000000002
2020-11-25,0.086120000000000002
2020-11-27,0.086340000000000000
2020-11-30,0.086449999999999999
2020-12-01,0.086449999999999999
2020-12-02,0.086340000000000000
2020-12-03,0.086120000000000002
2020-12-04,0.086010000000000003
2020-12-07,0.086010000000000003
2020-12-08,0.085900000000000004
2020-12-09,0.085679999999999895
2020-12-10,0.085559999999999997
2020-12-11,0.085449999999999998
2020-12-14,0.085120000000000001
2020-12-15,0.084900000000000003
2020-12-16,0.084790000000000004
2020-12-17,0.084679999999999894
2020-12-18,0.084679999999999894
2020-12-21,0.084790000000000004
2020-12-22,0.085010000000000002
2020-12-23,0.085120000000000001
2020-12-24,0.085010000000000002
2020-12-28,0.085010000000000002
2020-12-29,0.085230000000000000
2020-12-30,0.085449999999999998
2020-12-31,0.085559999999999997
2021-01-04,0.084339999999999998
2021-01-05,0.084339999999999998
2021-01-06,0.084559999999999996
2021-01-07,0.084790000000000004
2021-01-08,0.084900000000000003
2021-01-11,0.084900000000000003
2021-01-12,0.084900000000000003
2021-01-13,0.084790000000000004
2021-01-14,0.084559999999999996
2021-01-15,0.084449999999999997
2021-01-19,0.084120000000000000
2021-01-20,0.084120000000000000
2021-01-21,0.084010000000000001
2021-01-22,0.083559999999999995
2021-01-25,0.082449999999999996
2021-01-26,0.082119999999999999
2021-01-27,0.081559999999999994
2021-01-28,0.080900000000000000
2021-01-29,0.080339999999999995
2021-02-01,0.079119999999999996
2021-02-02,0.078789999999999999
2021-02-03,0.078450000000000006
2021-02-04,0.078009999999999996
2021-02-05,0.077450000000000005
2021-02-08,0.074779999999999999
2021-02-09,0.073899999999999993
2021-02-10,0.073340000000000002
2021-02-11,0.073010000000000005
2021-02-12,0.072669999999999998
2021-02-16,0.070779999999999996
2021-02-17,0.070669999999999997
2021-02-18,0.070669999999999997
2021-02-19,0.070449999999999999
2021-02-22,0.069449999999999998
2021-02-23,0.069010000000000002
2021-02-24,0.068229999999999999
2021-02-25,0.067559999999999995
2021-02-26,0.067010000000000000
2021-03-01,0.064560000000000006
2021-03-02,0.063890000000000002
2021-03-03,0.063450000000000006
2021-03-04,0.063000000000000000
2021-03-05,0.062229999999999903
2021-03-08,0.059999999999999998
2021-03-09,0.059450000000000003
2021-03-10,0.058779999999999999
2021-03-11,0.058119999999999998
2021-03-12,0.057339999999999898
2021-03-15,0.055000000000000000
2021-03-16,0.054109999999999998
2021-03-17,0.053229999999999902
2021-03-18,0.052339999999999998
2021-03-19,0.051450000000000003
2021-03-22,0.048779999999999997
2021-03-23,0.048110000000000000
2021-03-24,0.047559999999999998
2021-03-25,0.046780000000000002
2021-03-26,0.045999999999999999
2021-03-29,0.043560000000000001
2021-03-30,0.042560000000000001
2021-03-31,0.041669999999999999
2021-04-01,0.041000000000000002
2021-04-05,0.037999999999999999
2021-04-06,0.036889999999999999
2021-04-07,0.035889999999999998
2021-04-08,0.034889999999999997
2021-04-09,0.034000000000000002
2021-04-12,0.031329999999999997
2021-04-13,0.030560000000000000
2021-04-14,0.029780000000000001
2021-04-15,0.029000000000000001
2021-04-16,0.028219999999999999
2021-04-19,0.025889999999999899
2021-04-20,0.025219999999999999
2021-04-21,0.024669999999999900
2021-04-22,0.024330000000000001
2021-04-23,0.023890000000000002
2021-04-26,0.022450000000000001
2021-04-27,0.022220000000000000
2021-04-28,0.021999999999999999
2021-04-29,0.021669999999999998
2021-04-30,0.021110000000000000
2021-05-03,0.019330000000000000
2021-05-04,0.018669999999999999
2021-05-05,0.017999999999999999
2021-05-06,0.017559999999999999
2021-05-07,0.017440000000000001
2021-05-10,0.017110000000000000
2021-05-11,0.016669999999999900
2021-05-12,0.016109999999999999
2021-05-13,0.015559999999999999
2021-05-14,0.015110000000000000
2021-05-17,0.013780000000000001
2021-05-18,0.013219999999999900
2021-05-19,0.012670000000000001
2021-05-20,0.012440000000000000
2021-05-21,0.012329999999999900
2021-05-24,0.011890000000000000
2021-05-25,0.011890000000000000
2021-05-26,0.011780000000000001
2021-05-27,0.011559999999999900
2021-05-28,0.011559999999999900
2021-06-01,0.011110000000000000
2021-06-02,0.010780000000000000
2021-06-03,0.010670000000000001
2021-06-04,0.010560000000000000
2021-06-07,0.010220000000000000
2021-06-08,0.010109999999999999
2021-06-09,0.010000000000000000
2021-06-10,0.010000000000000000
2021-06-11,0.010000000000000000
2021-06-14,0.010000000000000000
2021-06-15,0.010000000000000000
2021-06-16,0.010000000000000000
2021-06-17,0.010000000000000000
2021-06-18,0.010440000000000000
2021-06-21,0.011780000000000001
2021-06-22,0.012220000000000000
2021-06-23,0.012670000000000001
2021-06-24,0.013110000000000000
2021-06-25,0.013559999999999999
2021-06-28,0.014890000000000000
2021-06-29,0.015330000000000000
2021-06-30,0.015779999999999999
2021-07-01,0.016219999999999998
2021-07-02,0.016669999999999900
2021-07-06,0.018440000000000002
2021-07-07,0.018890000000000001
2021-07-08,0.019330000000000000
2021-07-09,0.019779999999999999
2021-07-12,0.021110000000000000
2021-07-13,0.021559999999999999
2021-07-14,0.021999999999999999
2021-07-15,0.022450000000000001
2021-07-16,0.022890000000000001
2021-07-19,0.024219999999999998
2021-07-20,0.024669999999999900
2021-07-21,0.025110000000000000
2021-07-22,0.025559999999999999
2021-07-23,0.025999999999999999
2021-07-26,0.027330000000000000
2021-07-27,0.027779999999999999
2021-07-28,0.028219999999999999
2021-07-29,0.028669999999999900
2021-07-30,0.029110000000000000
2021-08-02,0.030450000000000001
2021-08-03,0.030889999999999900
2021-08-04,0.031329999999999997
2021-08-05,0.031780000000000003
2021-08-06,0.032219999999999999
2021-08-09,0.033560000000000000
2021-08-10,0.034000000000000002
2021-08-11,0.034450000000000001
2021-08-12,0.034889999999999997
2021-08-13,0.035330000000000000
2021-08-16,0.036670000000000001
2021-08-17,0.037109999999999997
2021-08-18,0.037560000000000003
2021-08-19,0.037999999999999999
2021-08-20,0.038449999999999998
2021-08-23,0.039780000000000003
2021-08-24,0.040219999999999999
2021-08-25,0.040669999999999998
2021-08-26,0.041110000000000001
2021-08-27,0.041560000000000000
2021-08-30,0.042889999999999998
2021-08-31,0.043339999999999997
2021-09-01,0.043779999999999999
2021-09-02,0.044219999999999898
2021-09-03,0.044670000000000001
2021-09-07,0.046449999999999998
2021-09-08,0.046890000000000001
2021-09-09,0.047340000000000000
2021-09-10,0.047780000000000003
2021-09-13,0.049110000000000001
2021-09-14,0.049560000000000000
2021-09-15,0.050000000000000003
2021-09-16,0.050000000000000003
2021-09-17,0.050000000000000003
2021-09-20,0.050000000000000003
2021-09-21,0.050000000000000003
2021-09-22,0.050000000000000003
2021-09-23,0.050000000000000003
2021-09-24,0.050000000000000003
2021-09-27,0.050000000000000003
2021-09-28,0.050000000000000003
2021-09-29,0.050000000000000003
2021-09-30,0.050000000000000003
2021-10-01,0.050000000000000003
2021-10-04,0.050000000000000003
2021-10-05,0.050000000000000003
2021-10-06,0.050000000000000003
2021-10-07,0.050000000000000003
2021-10-08,0.050000000000000003
2021-10-12,0.050000000000000003
2021-10-13,0.050000000000000003
2021-10-14,0.050000000000000003
2021-10-15,0.050000000000000003
2021-10-18,0.050000000000000003
2021-10-19,0.050000000000000003
2021-10-20,0.049779999999999998
2021-10-21,0.049560000000000000
2021-10-22,0.049339999999999898
2021-10-25,0.049339999999999898
2021-10-26,0.049230000000000003
2021-10-27,0.049230000000000003
2021-10-28,0.049230000000000003
2021-10-29,0.049230000000000003
2021-11-01,0.049230000000000003
2021-11-02,0.049230000000000003
2021-11-03,0.049230000000000003
2021-11-04,0.049230000000000003
2021-11-05,0.049230000000000003
2021-11-08,0.049230000000000003
2021-11-09,0.049230000000000003
2021-11-10,0.049230000000000003
2021-11-12,0.049230000000000003
2021-11-15,0.049230000000000003
2021-11-16,0.049230000000000003
2021-11-17,0.049230000000000003
2021-11-18,0.049230000000000003
2021-11-19,0.049230000000000003
2021-11-22,0.049230000000000003
2021-11-23,0.049230000000000003
2021-11-24,0.049230000000000003
2021-11-26,0.049230000000000003
2021-11-29,0.049230000000000003
2021-11-30,0.049230000000000003
2021-12-01,0.049230000000000003
2021-12-02,0.049230000000000003
2021-12-03,0.049230000000000003
2021-12-06,0.049230000000000003
2021-12-07,0.049230000000000003
2021-12-08,0.049230000000000003
2021-12-09,0.049230000000000003
2021-12-10,0.049230000000000003
2021-12-13,0.049230000000000003
2021-12-14,0.049230000000000003
2021-12-15,0.049230000000000003
2021-12-16,0.049230000000000003
2021-12-17,0.049230000000000003
2021-12-20,0.049230000000000003
2021-12-21,0.049110000000000001
2021-12-22,0.049110000000000001
2021-12-23,0.049110000000000001
2021-12-27,0.049110000000000001
2021-12-28,0.049110000000000001
2021-12-29,0.049110000000000001
2021-12-30,0.049110000000000001
2021-12-31,0.049110000000000001
2022-01-03,0.049110000000000001
2022-01-04,0.049110000000000001
2022-01-05,0.049110000000000001
2022-01-06,0.049110000000000001
2022-01-07,0.049110000000000001
2022-01-10,0.049110000000000001
2022-01-11,0.049110000000000001
2022-01-12,0.049110000000000001
2022-01-13,0.049110000000000001
2022-01-14,0.049110000000000001
2022-01-18,0.049339999999999898
2022-01-19,0.049560000000000000
2022-01-20,0.049779999999999998
2022-01-21,0.049669999999999999
2022-01-24,0.049779999999999998
2022-01-25,0.049669999999999999
2022-01-26,0.049669999999999999
2022-01-27,0.049560000000000000
2022-01-28,0.049450000000000001
2022-01-31,0.049450000000000001
2022-02-01,0.049450000000000001
2022-02-02,0.049450000000000001
2022-02-03,0.049450000000000001
2022-02-04,0.049450000000000001
2022-02-07,0.049450000000000001
2022-02-08,0.049450000000000001
2022-02-09,0.049450000000000001
2022-02-10,0.049339999999999898
2022-02-11,0.049339999999999898
2022-02-14,0.049339999999999898
2022-02-15,0.049339999999999898
2022-02-16,0.049339999999999898
2022-02-17,0.049339999999999898
2022-02-18,0.049339999999999898
2022-02-22,0.049339999999999898
2022-02-23,0.049339999999999898
2022-02-24,0.049339999999999898
2022-02-25,0.049339999999999898
2022-02-28,0.049339999999999898
2022-03-01,0.049339999999999898
2022-03-02,0.049339999999999898
2022-03-03,0.049339999999999898
2022-03-04,0.049339999999999898
2022-03-07,0.049339999999999898
2022-03-08,0.049339999999999898
2022-03-09,0.049339999999999898
2022-03-10,0.049339999999999898
2022-03-11,0.049339999999999898
2022-03-14,0.049339999999999898
2022-03-15,0.049339999999999898
2022-03-16,0.049339999999999898
2022-03-17,0.049339999999999898
2022-03-18,0.052109999999999997
2022-03-21,0.060560000000000003
2022-03-22,0.063229999999999995
2022-03-23,0.065779999999999894
2022-03-24,0.068229999999999999
2022-03-25,0.070669999999999997
2022-03-28,0.078339999999999896
2022-03-29,0.080900000000000000
2022-03-30,0.083449999999999996
2022-03-31,0.085900000000000004
2022-04-01,0.088560000000000000
2022-04-04,0.096900000000000000
2022-04-05,0.099679999999999894
2022-04-06,0.102459999999999996
2022-04-07,0.105240000000000000
2022-04-08,0.108009999999999995
2022-04-11,0.116349999999999995
2022-04-12,0.119130000000000000
2022-04-13,0.121800000000000005
2022-04-14,0.124459999999999904
2022-04-18,0.135130000000000000
2022-04-19,0.137800000000000006
2022-04-20,0.140359999999999902
2022-04-21,0.142909999999999898
2022-04-22,0.145249999999999990
2022-04-25,0.152689999999999992
2022-04-26,0.155140000000000000
2022-04-27,0.157700000000000007
2022-04-28,0.160360000000000003
2022-04-29,0.162920000000000009
2022-05-02,0.170589999999999992
2022-05-03,0.173369999999999996
2022-05-04,0.176150000000000001
2022-05-05,0.178930000000000006
2022-05-06,0.187150000000000011
2022-05-09,0.211499999999999994
2022-05-10,0.219610000000000000
2022-05-11,0.227839999999999987
2022-05-12,0.235960000000000003
2022-05-13,0.244180000000000008
2022-05-16,0.268859999999999988
2022-05-17,0.277200000000000002
2022-05-18,0.285540000000000016
2022-05-19,0.293769999999999976
2022-05-20,0.301999999999999991
2022-05-23,0.326349999999999973
2022-05-24,0.334469999999999990
2022-05-25,0.342590000000000006
2022-05-26,0.350700000000000012
2022-05-27,0.358819999999999972
2022-05-31,0.391299999999999981
2022-06-01,0.399529999999999996
2022-06-02,0.407869999999999899
2022-06-03,0.416100000000000025
2022-06-06,0.440460000000000018
2022-06-07,0.448579999999999979
2022-06-08,0.456589999999999885
2022-06-09,0.464480000000000004
2022-06-10,0.472269999999999912
2022-06-13,0.495630000000000015
2022-06-14,0.503199999999999981
2022-06-15,0.510319999999999996
2022-06-16,0.514769999999999950
2022-06-17,0.527560000000000029
2022-06-21,0.579069999999999974
2022-06-22,0.592199999999999949
2022-06-23,0.605330000000000035
2022-06-24,0.618240000000000012
2022-06-27,0.657630000000000048
2022-06-28,0.671210000000000084
2022-06-29,0.685119999999999951
2022-06-30,0.698699999999999988
2022-07-01,0.712060000000000026
2022-07-05,0.766369999999999996
2022-07-06,0.780179999999999985
2022-07-07,0.793980000000000019
2022-07-08,0.807790000000000008
2022-07-11,0.848870000000000124
2022-07-12,0.862679999999999891
2022-07-13,0.876600000000000046
2022-07-14,0.890399999999999969
2022-07-15,0.904209999999999958
2022-07-18,0.945969999999999978
2022-07-19,0.959999999999999964
2022-07-20,0.974149999999999960
2022-07-21,0.988299999999999956
2022-07-22,1.002329999999999943
2022-07-25,1.044100000000000028
2022-07-26,1.058140000000000081
2022-07-27,1.072060000000000013
2022-07-28,1.085990000000000011
2022-07-29,1.108270000000000088
2022-08-01,1.174560000000000048
2022-08-02,1.196630000000000082
2022-08-03,1.218920000000000003
2022-08-04,1.235630000000000006
2022-08-05,1.252459999999999907
2022-08-08,1.302619999999999889
2022-08-09,1.319339999999999957
2022-08-10,1.336170000000000080
2022-08-11,1.352780000000000094
2022-08-12,1.369390000000000107
2022-08-15,1.419110000000000094
2022-08-16,1.435729999999999951
2022-08-17,1.452450000000000019
2022-08-18,1.469179999999999930
2022-08-19,1.485910000000000064
2022-08-22,1.536089999999999955
2022-08-23,1.552820000000000089
2022-08-24,1.569439999999999946
2022-08-25,1.586060000000000025
2022-08-26,1.602789999999999937
2022-08-29,1.652990000000000181
2022-08-30,1.669609999999999816
2022-08-31,1.686240000000000183
2022-09-01,1.702970000000000095
2022-09-02,1.719819999999999904
2022-09-06,1.787330000000000085
2022-09-07,1.804400000000000004
2022-09-08,1.821479999999999988
2022-09-09,1.838559999999999972
2022-09-12,1.890009999999999968
2022-09-13,1.907759999999999900
2022-09-14,1.925400000000000000
2022-09-15,1.934549999999999992
2022-09-16,1.943820000000000103
2022-09-19,1.971289999999999987
2022-09-20,1.980439999999999978
2022-09-21,1.989489999999999981
2022-09-22,1.998529999999999918
2022-09-23,2.015620000000000189
2022-09-26,2.066419999999999924
2022-09-27,2.082829999999999959
2022-09-28,2.099250000000000060
2022-09-29,2.115779999999999994
2022-09-30,2.131870000000000154
2022-10-03,2.180790000000000006
2022-10-04,2.197099999999999831
2022-10-05,2.213859999999999939
2022-10-06,2.230609999999999982
2022-10-07,2.247599999999999820
2022-10-11,2.315409999999999968
2022-10-12,2.332390000000000185
2022-10-13,2.349270000000000191
2022-10-14,2.366029999999999855
2022-10-17,2.416319999999999801
2022-10-18,2.433199999999999807
2022-10-19,2.450079999999999814
2022-10-20,2.466959999999999820
2022-10-21,2.483840000000000270
2022-10-24,2.534030000000000005
2022-10-25,2.550580000000000069
2022-10-26,2.567239999999999966
2022-10-27,2.575629999999999864
2022-10-28,2.584240000000000315
2022-10-31,2.610289999999999999
2022-11-01,2.618670000000000275
2022-11-02,2.627170000000000005
2022-11-03,2.635670000000000179
2022-11-04,2.652670000000000083
2022-11-07,2.703660000000000174
2022-11-08,2.720330000000000137
2022-11-09,2.737109999999999932
2022-11-10,2.753890000000000171
2022-11-14,2.820879999999999832
2022-11-15,2.837660000000000071
2022-11-16,2.854560000000000208
2022-11-17,2.871680000000000010
2022-11-18,2.888689999999999980
2022-11-21,2.939709999999999823
2022-11-22,2.956840000000000135
2022-11-23,2.973959999999999937
2022-11-25,3.007760000000000211
2022-11-28,3.058800000000000185
2022-11-29,3.075699999999999878
2022-11-30,3.092719999999999914
2022-12-01,3.109849999999999781
2022-12-02,3.126990000000000158
2022-12-05,3.178040000000000198
2022-12-06,3.195059999999999789
2022-12-07,3.212079999999999824
2022-12-08,3.229109999999999925
2022-12-09,3.246140000000000025
2022-12-12,3.297200000000000131
2022-12-13,3.314229999999999787
2022-12-14,3.331370000000000164
2022-12-15,3.348399999999999821
2022-12-16,3.371370000000000200
2022-12-19,3.440259999999999874
2022-12-20,3.463119999999999532
2022-12-21,3.486090000000000355
2022-12-22,3.500770000000000159
2022-12-23,3.515460000000000029
2022-12-27,3.574269999999999836
2022-12-28,3.589069999999999538
2022-12-29,3.604089999999999794
2022-12-30,3.618889999999999940
2023-01-03,3.677160000000000206
2023-01-04,3.691399999999999793
2023-01-05,3.705420000000000158
2023-01-06,3.719549999999999912
2023-01-09,3.761929999999999996
2023-01-10,3.776060000000000194
2023-01-11,3.790309999999999846
2023-01-12,3.804440000000000044
2023-01-13,3.818579999999999863
2023-01-17,3.874969999999999803
2023-01-18,3.889209999999999834
2023-01-19,3.903459999999999930
2023-01-20,3.917940000000000200
2023-01-23,3.961120000000000196
2023-01-24,3.975480000000000125
2023-01-25,3.989730000000000221
2023-01-26,4.003980000000000317
2023-01-27,4.018009999999999415
2023-01-30,4.060080000000000133
2023-01-31,4.074110000000000120
2023-02-01,4.088250000000000384
2023-02-02,4.093980000000000175
2023-02-03,4.102509999999999657
2023-02-06,4.127979999999999983
2023-02-07,4.136619999999999742
2023-02-08,4.145260000000000389
2023-02-09,4.153919999999999391
2023-02-10,4.162569999999999659
2023-02-13,4.188380000000000436
2023-02-14,4.196799999999999642
2023-02-15,4.205099999999999838
2023-02-16,4.213519999999999932
2023-02-17,4.221949999999999648
2023-02-21,4.255600000000000271
2023-02-22,4.264140000000000263
2023-02-23,4.272669999999999746
2023-02-24,4.281100000000000350
2023-02-27,4.306359999999999744
2023-02-28,4.314659999999999940
2023-03-01,4.322860000000000369
2023-03-02,4.331059999999999910
2023-03-03,4.339380000000000237
2023-03-06,4.364300000000000068
2023-03-07,4.372719999999999274
2023-03-08,4.381140000000000256
2023-03-09,4.389569999999999972
2023-03-10,4.397999999999999687
2023-03-13,4.423259999999999970
2023-03-14,4.431680000000000064
2023-03-15,4.440109999999999779
2023-03-16,4.443030000000000257
2023-03-17,4.445850000000000080
2023-03-20,4.453809999999999825
2023-03-21,4.456620000000000026
2023-03-22,4.459430000000000227
2023-03-23,4.462240000000000428
2023-03-24,4.467869999999999564
2023-03-27,4.484719999999999374
2023-03-28,4.490450000000000053
2023-03-29,4.496509999999999785
2023-03-30,4.502469999999999750
2023-03-31,4.508329999999999949
2023-04-03,4.527530000000000499
2023-04-04,4.533490000000000464
2023-04-05,4.539439999999999920
2023-04-06,4.545059999999999434
2023-04-10,4.567510000000000403
2023-04-11,4.573129999999999917
2023-04-12,4.578739999999999810
2023-04-13,4.584360000000000213
2023-04-14,4.589999999999999858
2023-04-17,4.606849999999999667
2023-04-18,4.612359999999999793
2023-04-19,4.617980000000000196
2023-04-20,4.623480000000000700
2023-04-21,4.629109999999999836
2023-04-24,4.645959999999999646
2023-04-25,4.651580000000000048
2023-04-26,4.657080000000000553
2023-04-27,4.662700000000000067
2023-04-28,4.668449999999999989
2023-05-01,4.685630000000000628
2023-05-02,4.691250000000000142
2023-05-03,4.696869999999999656
2023-05-04,4.699679999999999858
2023-05-05,4.705419999999999270
2023-05-08,4.722599999999999909
2023-05-09,4.728340000000000209
2023-05-10,4.734070000000000000
2023-05-11,4.739799999999999791
2023-05-12,4.745430000000000703
2023-05-15,4.762280000000000513
2023-05-16,4.768009999999999415
2023-05-17,4.773630000000000706
2023-05-18,4.779259999999999842
2023-05-19,4.784900000000000375
2023-05-22,4.801759999999999806
2023-05-23,4.807380000000000209
2023-05-24,4.812999999999999723
2023-05-25,4.818620000000000125
2023-05-26,4.824370000000000047
2023-05-30,4.847260000000000346
2023-05-31,4.852999999999999758
2023-06-01,4.858959999999999724
2023-06-02,4.864930000000000199
2023-06-05,4.882460000000000022
2023-06-06,4.888189999999999813
2023-06-07,4.893810000000000215
2023-06-08,4.899440000000000239
2023-06-09,4.905069999999999375
2023-06-12,4.921920000000000073
2023-06-13,4.927550000000000097
2023-06-14,4.932830000000000048
2023-06-15,4.938229999999999897
2023-06-16,4.943980000000000707
2023-06-20,4.966429999999999900
2023-06-21,4.972059999999999924
2023-06-22,4.974870000000000125
2023-06-23,4.977689999999999948
2023-06-26,4.985999999999999766
2023-06-27,4.988360000000000127
2023-06-28,4.990840000000000387
2023-06-29,4.993540000000000312
2023-06-30,4.995689999999999742
2023-07-03,5.003430000000000710
2023-07-05,5.008830000000000560
2023-07-06,5.011660000000000004
2023-07-07,5.014490000000000336
2023-07-10,5.022910000000000430
2023-07-11,5.025830000000000020
2023-07-12,5.028760000000000119
2023-07-13,5.031569999999999432
2023-07-14,5.034510000000000041
2023-07-17,5.042930000000000135
2023-07-18,5.045849999999999724
2023-07-19,5.048780000000000712
2023-07-20,5.051590000000000025
2023-07-21,5.054530000000000634
2023-07-24,5.062949999999999839
2023-07-25,5.065760000000000041
2023-07-26,5.068690000000000140
2023-07-27,5.071500000000000341
2023-07-28,5.077139999999999986
2023-07-31,5.093659999999999854
2023-08-01,5.099289999999999878
2023-08-02,5.104910000000000281
2023-08-03,5.107610000000000205
2023-08-04,5.110330000000000261
2023-08-07,5.118409999999999904
2023-08-08,5.121109999999999829
2023-08-09,5.123809999999999754
2023-08-10,5.126619999999999955
2023-08-11,5.129450000000000287
2023-08-14,5.137760000000000105
2023-08-15,5.140569999999999418
2023-08-16,5.143390000000000128
2023-08-17,5.146200000000000330
2023-08-18,5.149030000000000662
2023-08-21,5.157449999999999868
2023-08-22,5.160260000000000069
2023-08-23,5.163079999999999892
2023-08-24,5.165780000000000705
2023-08-25,5.168499999999999872
2023-08-28,5.176599999999999646
2023-08-29,5.179299999999999571
2023-08-30,5.181780000000000719
2023-08-31,5.184260000000000090
2023-09-01,5.186969999999999636
2023-09-05,5.198070000000000412
2023-09-06,5.200990000000000002
2023-09-07,5.203809999999999825
2023-09-08,5.206750000000000433
2023-09-11,5.215169999999999639
2023-09-12,5.217990000000000350
2023-09-13,5.220799999999999663
2023-09-14,5.223499999999999588
2023-09-15,5.226340000000000430
2023-09-18,5.235109999999999708
2023-09-19,5.238039999999999807
2023-09-20,5.240969999999999906
2023-09-21,5.243780000000000108
2023-09-22,5.246610000000000440
2023-09-25,5.255030000000000534
2023-09-26,5.257959999999999745
2023-09-27,5.260769999999999946
2023-09-28,5.263700000000000045
2023-09-29,5.266189999999999927
2023-10-02,5.273950000000000138
2023-10-03,5.276880000000000237
2023-10-04,5.279910000000000103
2023-10-05,5.282840000000000202
2023-10-06,5.285779999999999923
2023-10-10,5.296999999999999709
2023-10-11,5.299919999999999298
2023-10-12,5.302740000000000009
2023-10-13,5.305680000000000618
2023-10-16,5.314329999999999998
2023-10-17,5.317140000000000200
2023-10-18,5.320069999999999411
2023-10-19,5.322769999999999335
2023-10-20,5.325599999999999667
2023-10-23,5.334030000000000271
2023-10-24,5.336730000000000196
2023-10-25,5.339430000000000121
2023-10-26,5.339319999999999844
2023-10-27,5.339450000000000252
2023-10-30,5.339660000000000295
2023-10-31,5.339660000000000295
2023-11-01,5.340220000000000411
2023-11-02,5.340440000000000076
2023-11-03,5.340799999999999770
2023-11-06,5.341459999999999653
2023-11-07,5.341680000000000206
2023-11-08,5.341910000000000380
2023-11-09,5.342130000000000045
2023-11-10,5.342369999999999841
2023-11-13,5.343030000000000612
2023-11-14,5.343259999999999899
2023-11-15,5.343480000000000452
2023-11-16,5.343709999999999738
2023-11-17,5.343950000000000422
2023-11-20,5.344609999999999417
2023-11-21,5.344719999999999693
2023-11-22,5.344829999999999970
2023-11-24,5.345069999999999766
2023-11-27,5.345720000000000027
2023-11-28,5.345950000000000202
2023-11-29,5.346180000000000376
2023-11-30,5.346180000000000376
2023-12-01,5.346430000000000682
2023-12-04,5.349130000000000607
2023-12-05,5.349800000000000111
2023-12-06,5.350140000000000562
2023-12-07,5.350249999999999950
2023-12-08,5.350500000000000256
2023-12-11,5.351149999999999629
2023-12-12,5.351380000000000692
2023-12-13,5.351490000000000080
2023-12-14,5.351600000000000357
2023-12-15,5.351619999999999600
2023-12-18,5.351939999999999920
2023-12-19,5.352050000000000196
2023-12-20,5.352170000000000094
2023-12-21,5.352280000000000371
2023-12-22,5.352409999999999890
2023-12-26,5.353040000000000020
2023-12-27,5.353380000000000472
2023-12-28,5.354280000000000150
2023-12-29,5.355310000000000237
2024-01-02,5.358080000000000176
2024-01-03,5.358979999999999855
2024-01-04,5.359770000000000145
2024-01-05,5.359910000000000174
2024-01-08,5.359910000000000174
2024-01-09,5.359910000000000174
2024-01-10,5.359910000000000174
2024-01-11,5.359910000000000174
2024-01-12,5.359930000000000305
2024-01-16,5.359880000000000422
2024-01-17,5.360109999999999708
2024-01-18,5.360330000000000261
2024-01-19,5.360459999999999781
2024-01-22,5.360780000000000101
2024-01-23,5.360890000000000377
2024-01-24,5.361010000000000275
2024-01-25,5.361010000000000275
2024-01-26,5.361139999999999795
2024-01-29,5.361460000000000115
2024-01-30,5.361010000000000275
2024-01-31,5.360890000000000377
2024-02-01,5.360780000000000101
2024-02-02,5.360800000000000232
2024-02-05,5.360780000000000101
2024-02-06,5.360669999999999824
2024-02-07,5.360560000000000436
2024-02-08,5.360440000000000538
2024-02-09,5.360350000000000392
2024-02-12,5.359989999999999810
2024-02-13,5.359880000000000422
2024-02-14,5.359770000000000145
2024-02-15,5.359539999999999971
2024-02-16,5.359449999999999825
2024-02-20,5.358730000000000437
2024-02-21,5.358630000000000670
2024-02-22,5.358509999999999884
2024-02-23,5.358310000000000350
2024-02-26,5.357949999999999768
2024-02-27,5.357840000000000380
2024-02-28,5.357840000000000380
2024-02-29,5.357610000000000205
2024-03-01,5.356840000000000046
2024-03-04,5.354350000000000165
2024-03-05,5.354119999999999990
2024-03-06,5.354009999999999714
2024-03-07,5.353900000000000325
2024-03-08,5.353799999999999670
2024-03-11,5.353449999999999598
2024-03-12,5.353449999999999598
2024-03-13,5.353449999999999598
2024-03-14,5.353449999999999598
2024-03-15,5.353349999999999831
2024-03-18,5.352999999999999758
2024-03-19,5.352999999999999758
2024-03-20,5.352999999999999758
2024-03-21,5.352999999999999758
2024-03-22,5.352909999999999613
2024-03-25,5.352570000000000050
2024-03-26,5.352119999999999322
2024-03-27,5.351340000000000430
2024-03-28,5.350550000000000139
2024-04-01,5.348749999999999893
2024-04-02,5.348180000000000156
2024-04-03,5.347620000000000040
2024-04-04,5.347620000000000040
2024-04-05,5.347749999999999559
2024-04-08,5.348069999999999879
2024-04-09,5.348069999999999879
2024-04-10,5.348069999999999879
2024-04-11,5.348069999999999879
2024-04-12,5.348099999999999632
2024-04-15,5.348099999999999632
2024-04-16,5.348099999999999632
2024-04-17,5.347980000000000622
2024-04-18,5.347980000000000622
2024-04-19,5.347890000000000477
2024-04-22,5.347870000000000346
2024-04-23,5.347870000000000346
2024-04-24,5.347870000000000346
2024-04-25,5.347760000000000069
2024-04-26,5.347659999999999414
2024-04-29,5.347760000000000069
2024-04-30,5.347870000000000346
2024-05-01,5.348099999999999632
2024-05-02,5.348099999999999632
2024-05-03,5.347999999999999865
2024-05-06,5.347760000000000069
2024-05-07,5.347760000000000069
2024-05-08,5.347760000000000069
2024-05-09,5.347760000000000069
2024-05-10,5.347780000000000200
2024-05-13,5.347760000000000069
2024-05-14,5.347760000000000069
2024-05-15,5.347870000000000346
2024-05-16,5.347870000000000346
2024-05-17,5.348010000000000375
2024-05-20,5.348349999999999937
2024-05-21,5.348460000000000214
2024-05-22,5.348569999999999602
2024-05-23,5.348690000000000389
2024-05-24,5.348700000000000010
2024-05-28,5.349109999999999587
2024-05-29,5.349219999999999864
2024-05-30,5.349339999999999762
2024-05-31,5.349579999999999558
2024-06-03,5.350569999999999382
2024-06-04,5.351020000000000110
2024-06-05,5.351250000000000284
2024-06-06,5.351469999999999949
2024-06-07,5.351719999999999366
2024-06-10,5.352369999999999628
2024-06-11,5.352490000000000414
2024-06-12,5.352599999999999802
2024-06-13,5.352599999999999802
2024-06-14,5.352619999999999933
2024-06-17,5.352599999999999802
2024-06-18,5.352820000000000356
2024-06-20,5.353269999999999307
2024-06-21,5.353399999999999714
2024-06-24,5.353380000000000472
2024-06-25,5.353269999999999307
2024-06-26,5.353269999999999307
2024-06-27,5.353290000000000326
2024-06-28,5.353309999999999569
2024-07-01,5.352840000000000487
2024-07-02,5.353519999999999612
2024-07-03,5.353860000000000063
2024-07-05,5.354090000000000238
2024-07-08,5.354190000000000005
2024-07-09,5.354300000000000281
2024-07-10,5.354639999999999844
2024-07-11,5.354969999999999786
2024-07-12,5.355330000000000368
2024-07-15,5.356209999999999916
2024-07-16,5.356550000000000367
2024-07-17,5.357000000000000206
2024-07-18,5.357559999999999434
2024-07-19,5.357920000000000016
2024-07-22,5.358909999999999840
2024-07-23,5.359140000000000015
2024-07-24,5.359480000000000466
2024-07-25,5.359810000000000407
2024-07-26,5.360170000000000101
2024-07-29,5.361159999999999926
2024-07-30,5.361049999999999649
2024-07-31,5.361159999999999926
2024-08-01,5.361950000000000216
2024-08-02,5.362419999999999298
2024-08-05,5.363749999999999574
2024-08-06,5.363870000000000360
2024-08-07,5.364090000000000025
2024-08-08,5.364319999999999311
2024-08-09,5.364669999999999384
2024-08-12,5.365669999999999717
2024-08-13,5.365999999999999659
2024-08-14,5.366340000000000110
2024-08-15,5.366569999999999396
2024-08-16,5.367040000000000255
2024-08-19,5.367359999999999687
2024-08-20,5.367469999999999963
2024-08-21,5.367580000000000240
2024-08-22,5.367580000000000240
2024-08-23,5.367490000000000094
2024-08-26,5.367830000000000545
2024-08-27,5.368059999999999832
2024-08-28,5.368280000000000385
2024-08-29,5.368509999999999671
2024-08-30,5.368409999999999904
2024-09-03,5.367469999999999963
2024-09-04,5.367580000000000240
2024-09-05,5.367810000000000414
2024-09-06,5.368050000000000210
2024-09-09,5.368479999999999919
2024-09-10,5.368710000000000093
2024-09-11,5.368930000000000646
2024-09-12,5.369040000000000035
2024-09-13,5.369290000000000340
2024-09-16,5.369720000000000049
2024-09-17,5.370289999999999786
2024-09-18,5.370849999999999902
2024-09-19,5.370969999999999800
2024-09-20,5.365469999999999295
2024-09-23,5.349239999999999995
2024-09-24,5.343609999999999971
2024-09-25,5.337979999999999947
2024-09-26,5.332360000000000433
2024-09-27,5.326749999999999652
2024-09-30,5.309400000000000119
2024-10-01,5.305010000000000225
2024-10-02,5.301859999999999573
2024-10-03,5.297250000000000014
2024-10-04,5.291970000000000063
2024-10-07,5.275409999999999933
2024-10-08,5.269669999999999632
2024-10-09,5.264050000000000118
2024-10-10,5.258309999999999818
2024-10-11,5.252469999999999750
2024-10-15,5.228460000000000107
2024-10-16,5.222949999999999982
2024-10-17,5.217550000000000132
2024-10-18,5.212049999999999628
2024-10-21,5.195269999999999833
2024-10-22,5.189420000000000144
2024-10-23,5.183680000000000732
2024-10-24,5.177819999999999645
2024-10-25,5.171990000000000087
2024-10-28,5.154650000000000176
2024-10-29,5.148909999999999876
2024-10-30,5.142610000000000348
2024-10-31,5.136530000000000484
2024-11-01,5.131490000000000329
2024-11-04,5.115269999999999762
2024-11-05,5.109530000000000349
2024-11-06,5.103790000000000049
2024-11-07,5.097830000000000084
2024-11-08,5.091999999999999638
2024-11-12,5.058669999999999334
2024-11-13,5.050449999999999662
2024-11-14,5.041900000000000048
2024-11-15,5.033599999999999852
2024-11-18,5.008280000000000065
2024-11-19,4.999839999999999840
2024-11-20,4.991520000000000401
2024-11-21,4.983080000000000176
2024-11-22,4.974549999999999805
2024-11-25,4.948780000000000179
2024-11-26,4.940119999999999401
2024-11-27,4.931460000000000399
2024-11-29,4.914500000000000313
2024-12-02,4.889880000000000670
2024-12-03,4.882010000000000183
2024-12-04,4.874019999999999797
2024-12-05,4.865480000000000693
2024-12-06,4.857059999999999711
2024-12-09,4.832089999999999996
2024-12-10,4.824220000000000397
2024-12-11,4.816569999999999574
2024-12-12,4.808590000000000586
2024-12-13,4.800619999999999443
2024-12-16,4.775430000000000064
2024-12-17,4.767220000000000013
2024-12-18,4.759240000000000137
2024-12-19,4.756429999999999936
2024-12-20,4.750490000000000101
2024-12-23,4.732599999999999696
2024-12-24,4.726650000000000240
2024-12-26,4.716859999999999609
2024-12-27,4.713390000000000413
2024-12-30,4.699220000000000397
2024-12-31,4.691569999999999574
2025-01-02,4.682690000000000019
2025-01-03,4.677870000000000417
2025-01-06,4.660319999999999574
2025-01-07,4.653919999999999391
2025-01-08,4.647619999999999862
2025-01-09,4.641670000000000407
2025-01-10,4.635959999999999859
2025-01-13,4.618769999999999598
2025-01-14,4.612359999999999793
2025-01-15,4.605839999999999712
2025-01-16,4.599440000000000417
2025-01-17,4.593270000000000408
2025-01-21,4.568859999999999921
2025-01-22,4.562790000000000568
2025-01-23,4.556840000000000224
2025-01-24,4.551459999999999617
2025-01-27,4.535050000000000026
2025-01-28,4.529650000000000176
2025-01-29,4.524480000000000501
2025-01-30,4.518299999999999983
2025-01-31,4.512699999999999712
2025-02-03,4.496959999999999624
2025-02-04,4.491680000000000561
2025-02-05,4.486290000000000333
2025-02-06,4.480789999999999829
2025-02-07,4.478110000000000035
2025-02-10,4.469689999999999941
2025-02-11,4.466880000000000628
2025-02-12,4.464070000000000427
2025-02-13,4.461149999999999949
2025-02-14,4.458459999999999646
2025-02-18,4.447650000000000325
2025-02-19,4.445520000000000138
2025-02-20,4.443050000000000388
2025-02-21,4.440360000000000085
2025-02-24,4.432490000000000485
2025-02-25,4.429790000000000560
2025-02-26,4.427100000000000257
2025-02-27,4.424409999999999954
2025-02-28,4.421840000000000437
2025-03-03,4.414530000000000065
2025-03-04,4.411039999999999850
2025-03-05,4.408119999999999372
2025-03-06,4.405310000000000059
2025-03-07,4.402519999999999989
2025-03-10,4.393410000000000259
2025-03-11,4.389930000000000554
2025-03-12,4.386560000000000237
2025-03-13,4.383080000000000531
2025-03-14,4.379719999999999835
2025-03-17,4.369040000000000035
2025-03-18,4.365669999999999717
2025-03-19,4.362750000000000128
2025-03-20,4.362639999999999851
2025-03-21,4.362540000000000084
2025-03-24,4.362419999999999298
2025-03-25,4.361410000000000231
2025-03-26,4.360619999999999941
2025-03-27,4.358600000000000030
2025-03-28,4.357490000000000308
2025-03-31,4.354449999999999932
2025-04-01,4.353559999999999874
2025-04-02,4.352430000000000021
2025-04-03,4.352100000000000080
2025-04-04,4.353010000000000268
2025-04-07,4.354790000000000383
2025-04-08,4.355470000000000397
2025-04-09,4.356700000000000017
2025-04-10,4.358050000000000423
2025-04-11,4.358850000000000335
2025-04-14,4.359960000000000058
2025-04-15,4.360519999999999285
2025-04-16,4.361419999999999852
2025-04-17,4.361640000000000406
2025-04-21,4.362989999999999924
2025-04-22,4.363330000000000375
2025-04-23,4.363330000000000375
2025-04-24,4.362540000000000084
2025-04-25,4.361990000000000478
2025-04-28,4.361640000000000406
2025-04-29,4.361749999999999794
2025-04-30,4.361869999999999692
2025-05-01,4.362430000000000696
2025-05-02,4.362549999999999706
2025-05-05,4.362199999999999633
2025-05-06,4.362199999999999633
2025-05-07,4.362090000000000245
2025-05-08,4.361419999999999852
2025-05-09,4.360750000000000348
2025-05-12,4.358389999999999986
2025-05-13,4.357709999999999972
2025-05-14,4.357490000000000308
2025-05-15,4.357040000000000468
2025-05-16,4.356830000000000425
2025-05-19,4.355819999999999581
2025-05-20,4.354919999999999902
2025-05-21,4.354019999999999335
2025-05-22,4.353240000000000443
2025-05-23,4.352350000000000385
2025-05-27,4.348840000000000039
2025-05-28,4.348620000000000374
2025-05-29,4.348279999999999923
2025-05-30,4.347620000000000040
2025-06-02,4.346930000000000405
2025-06-03,4.347159999999999691
2025-06-04,4.346930000000000405
2025-06-05,4.346149999999999736
2025-06-06,4.345600000000000129
2025-06-09,4.344009999999999927
2025-06-10,4.343679999999999986
2025-06-11,4.343340000000000423
2025-06-12,4.343110000000000248
2025-06-13,4.342900000000000205
2025-06-16,4.341990000000000016
2025-06-17,4.342100000000000293
2025-06-18,4.342330000000000467
2025-06-20,4.341999999999999638
2025-06-23,4.341540000000000177
2025-06-24,4.341090000000000337
2025-06-25,4.340530000000000221
2025-06-26,4.340530000000000221
2025-06-27,4.341210000000000235
2025-06-30,4.342100000000000293
2025-07-01,4.342769999999999797
2025-07-02,4.343560000000000088
2025-07-03,4.343670000000000364
2025-07-07,4.343880000000000408
2025-07-08,4.343090000000000117
2025-07-09,4.342190000000000438
2025-07-10,4.341630000000000322
2025-07-11,4.341419999999999391
2025-07-14,4.340730000000000643
2025-07-15,4.340399999999999814
2025-07-16,4.341069999999999318
2025-07-17,4.341310000000000002
2025-07-18,4.341549999999999798
2025-07-21,4.340860000000000163
2025-07-22,4.340640000000000498
2025-07-23,4.340640000000000498
2025-07-24,4.340519999999999712
2025-07-25,4.340200000000000280
2025-07-28,4.340860000000000163
2025-07-29,4.340860000000000163
2025-07-30,4.340300000000000047
2025-07-31,4.339509999999999756
2025-08-01,4.339859999999999829
2025-08-04,4.339509999999999756
2025-08-05,4.339630000000000543
2025-08-06,4.340080000000000382
2025-08-07,4.340640000000000498
2025-08-08,4.341429999999999900
2025-08-11,4.343780000000000641
2025-08-12,4.344230000000000480
2025-08-13,4.345019999999999882
2025-08-14,4.345240000000000435
2025-08-15,4.345699999999999896
2025-08-18,4.347819999999999574
2025-08-19,4.348609999999999864
2025-08-20,4.349400000000000155
2025-08-21,4.349960000000000271
2025-08-22,4.350649999999999906
2025-08-25,4.354019999999999335
2025-08-26,4.354689999999999728
2025-08-27,4.355249999999999844
2025-08-28,4.355590000000000295
2025-08-29,4.355490000000000528
2025-09-02,4.355349999999999611
2025-09-03,4.356580000000000119
2025-09-04,4.357709999999999972
2025-09-05,4.359060000000000379
2025-09-08,4.363430000000000142
2025-09-09,4.364780000000000548
2025-09-10,4.366130000000000067
2025-09-11,4.367359999999999687
2025-09-12,4.368829999999999991
2025-09-15,4.373090000000000366
2025-09-16,4.375340000000000451
2025-09-17,4.376579999999999693
2025-09-18,4.377699999999999925
2025-09-19,4.376030000000000086
2025-09-22,4.370960000000000178
2025-09-23,4.369170000000000442
2025-09-24,4.366469999999999629
2025-09-25,4.363439999999999763
2025-09-26,4.361089999999999911
2025-09-29,4.352660000000000196
2025-09-30,4.349179999999999602
2025-10-01,4.347380000000000244
2025-10-02,4.345710000000000406
2025-10-03,4.344039999999999679
2025-10-06,4.338530000000000442
2025-10-07,4.336389999999999745
2025-10-08,4.334369999999999834
2025-10-09,4.332239999999999647
2025-10-10,4.330230000000000246
2025-10-14,4.322119999999999962
2025-10-15,4.320429999999999993
2025-10-16,4.319869999999999877
2025-10-17,4.319880000000000386
2025-10-20,4.316049999999999720
2025-10-21,4.314709999999999823
2025-10-22,4.314140000000000086
2025-10-23,4.313130000000000130
2025-10-24,4.311799999999999855
2025-10-27,4.307739999999999903
2025-10-28,4.306729999999999947
2025-10-29,4.306619999999999671
2025-10-30,4.305270000000000152
2025-10-31,4.301919999999999966
2025-11-03,4.297979999999999912
2025-11-04,4.295620000000000438
2025-11-05,4.291800000000000281
2025-11-06,4.286859999999999893
2025-11-07,4.282040000000000290
2025-11-10,4.267999999999999794
2025-11-12,4.259120000000000239
2025-11-13,4.255080000000000418
2025-11-14,4.251050000000000217
2025-11-17,4.237459999999999560
2025-11-18,4.233749999999999680
2025-11-19,4.229599999999999582
2025-11-20,4.224990000000000023
2025-11-21,4.219949999999999868
2025-11-24,4.205350000000000144
2025-11-25,4.200630000000000308
2025-11-26,4.196710000000000385
2025-11-28,4.190210000000000434
2025-12-01,4.182800000000000296
2025-12-02,4.179770000000000429
2025-12-03,4.175500000000000433
2025-12-04,4.170340000000000380
2025-12-05,4.164740000000000109
2025-12-08,4.148450000000000415
2025-12-09,4.143399999999999750
2025-12-10,4.138239999999999696
2025-12-11,4.132509999999999906
2025-12-12,4.123999999999999666
2025-12-15,4.097719999999999807
2025-12-16,4.090539999999999843
2025-12-17,4.082799999999999763
2025-12-18,4.077749999999999986
2025-12-19,4.072370000000000267
2025-12-22,4.056199999999999584
2025-12-23,4.051260000000000083
2025-12-24,4.045989999999999753
2025-12-26,4.034550000000000303
2025-12-29,4.021410000000000373
2025-12-30,4.016140000000000043
2025-12-31,4.010640000000000427
2026-01-02,4.003459999999999575
2026-01-05,3.989320000000000199
2026-01-06,3.984379999999999811
2026-01-07,3.979220000000000201
2026-01-08,3.973829999999999973
2026-01-09,3.968129999999999935
2026-01-12,3.950969999999999871
2026-01-13,3.944789999999999797
2026-01-14,3.937609999999999832
2026-01-15,3.930210000000000203
2026-01-16,3.924389999999999823
2026-01-20,3.900250000000000217
2026-01-21,3.893850000000000033
2026-01-22,3.887010000000000076
2026-01-23,3.880290000000000017
2026-01-26,3.860090000000000021
2026-01-27,3.852799999999999780
2026-01-28,3.845959999999999823
2026-01-29,3.841470000000000162
2026-01-30,3.835090000000000110
2026-02-02,3.817919999999999980
2026-02-03,3.814449999999999896
2026-02-04,3.811980000000000146
2026-02-05,3.808949999999999836
2026-02-06,3.805820000000000203
2026-02-09,3.795830000000000037
2026-02-10,3.792250000000000121
2026-02-11,3.788539999999999797
2026-02-12,3.784619999999999873
2026-02-13,3.781260000000000066
2026-02-17,3.767790000000000195
2026-02-18,3.765540000000000109
2026-02-19,3.763529999999999820
2026-02-20,3.760619999999999852
2026-02-23,3.751189999999999802
2026-02-24,3.747269999999999879
2026-02-25,3.743009999999999948
2026-02-26,3.738750000000000018
2026-02-27,3.733709999999999862
2026-03-02,3.718900000000000095
2026-03-03,3.715539999999999843
2026-03-04,3.712740000000000151
2026-03-05,3.709929999999999950
2026-03-06,3.706920000000000215
2026-03-09,3.697270000000000056
2026-03-10,3.694129999999999914
2026-03-11,3.691209999999999880
2026-03-12,3.690990000000000215
2026-03-13,3.690770000000000106
2026-03-16,3.689189999999999969
2026-03-17,3.689299999999999802
2026-03-18,3.688860000000000028
2026-03-19,3.688410000000000188
2026-03-20,3.687969999999999970
2026-03-23,3.686389999999999834
2026-03-24,3.685939999999999994
2026-03-25,3.685610000000000053
2026-03-26,3.685379999999999878
2026-03-27,3.684159999999999879
2026-03-30,3.679670000000000218
2026-03-31,3.678770000000000095
2026-04-01,3.676639999999999908
2026-04-02,3.674179999999999779
2026-04-06,3.670690000000000008
2026-04-07,3.670580000000000176
2026-04-08,3.670240000000000169
2026-04-09,3.669680000000000053
2026-04-10,3.668899999999999828
2026-04-13,3.667889999999999873
2026-04-14,3.667660000000000142
2026-04-15,3.667889999999999873
2026-04-16,3.668559999999999821
2026-04-17,3.668800000000000061
2026-04-20,3.668800000000000061
2026-04-21,3.668680000000000163
2026-04-22,3.668680000000000163
2026-04-23,3.668680000000000163
2026-04-24,3.668689999999999785
2026-04-27,3.668909999999999894
2026-04-28,3.668909999999999894
2026-04-29,3.668909999999999894
2026-04-30,3.668680000000000163
2026-05-01,3.668470000000000120
2026-05-04,3.666999999999999815
2026-05-05,3.666329999999999867
2026-05-06,3.665989999999999860
2026-05-07,3.665550000000000086
2026-05-08,3.665109999999999868
2026-05-11,3.663860000000000117
2026-05-12,3.663300000000000001
2026-05-13,3.662739999999999885
2026-05-14,3.662069999999999936
2026-05-15,3.660960000000000214
2026-05-18,3.657259999999999955
2026-05-19,3.655240000000000045
2026-05-20,3.652779999999999916
2026-05-21,3.650869999999999838
2026-05-22,3.649199999999999999
2026-05-26,3.644130000000000091
2026-05-27,3.643689999999999873
2026-05-28,3.643240000000000034
2026-05-29,3.642570000000000086
2026-06-01,3.640550000000000175
2026-06-02,3.639990000000000059
2026-06-03,3.639540000000000219
2026-06-04,3.638980000000000103
2026-06-05,3.638650000000000162
2026-06-08,3.637970000000000148
2026-06-09,3.637859999999999872
2026-06-10,3.637410000000000032
2026-06-11,3.636740000000000084
2026-06-12,3.636179999999999968
2026-06-15,3.635609999999999786
2026-06-16,3.636060000000000070
2026-06-17,3.636169999999999902
2026-06-18,3.636289999999999800
2026-06-22,3.636270000000000113
2026-06-23,3.636050000000000004
2026-06-24,3.635829999999999895
2026-06-25,3.635489999999999888
2026-06-26,3.635609999999999786
2026-06-29,3.635269999999999779
2026-06-30,3.634590000000000209
2026-07-01,3.634930000000000216
2026-07-02,3.634939999999999838
2026-07-06,3.634149999999999991
2026-07-07,3.634259999999999824
2026-07-08,3.634590000000000209
2026-07-09,3.634710000000000107
2026-07-10,3.633820000000000050
2026-07-13,3.631569999999999965
2026-07-14,3.630889999999999951
2026-07-15,3.629890000000000061
2026-07-16,3.629550000000000054
2026-07-17,3.629220000000000113
2026-07-20,3.627419999999999867
2026-07-21,3.626749999999999918
2026-07-22,3.626409999999999911
2026-07-23,3.626069999999999904
2026-07-24,3.625859999999999861
2026-07-27,3.625179999999999847
2026-07-28,3.625179999999999847
2026-07-29,3.625399999999999956
2026-07-30,3.625290000000000123
2026-07-31,3.625410000000000021
2026-08-03,3.626189999999999802
2026-08-04,3.626520000000000188
2026-08-05,3.627079999999999860
2026-08-06,3.627530000000000143
2026-08-07,3.628099999999999881
2026-08-10,3.628760000000000208
2026-08-11,3.629100000000000215
2026-08-12,3.629659999999999886
2026-08-13,3.630329999999999835
2026-08-14,3.631130000000000191
2026-08-17,3.633700000000000152
2026-08-18,3.635380000000000056
2026-08-19,3.637059999999999960
2026-08-20,3.638290000000000024
2026-08-21,3.639200000000000212
2026-08-24,3.642560000000000020
2026-08-25,3.642790000000000195
2026-08-26,3.643130000000000202
2026-08-27,3.643349999999999866
2026-08-28,3.643470000000000208
